region_name,province_name,year,area,population,population_density,temp_mean,total_precip,snowfall,precip_hours,sunshine_hours,grdp_per_capita,monthly_income_per_capita,central_administrated,airport,maritime_port,predicted_migration_rate(%)
Đồng bằng sông Hồng,Hà Nội,2025,3358.6,8780.104265582237,2615.738526942773,23.809059369251234,1817.7717207050973,0,2114.9808652990355,145356.59519668538,178.56377430921296,8.696458943046771,1,1,0,6.2205228662013985
Đồng bằng sông Hồng,Vĩnh Phúc,2025,1235.2,1235.0924565676303,1000.3733190821356,23.709021304674547,1760.5669862738018,0,2170.478931898008,145827.1048967398,154.41285991365848,6.726797381111675,0,0,0,-0.5930446770980781
Đồng bằng sông Hồng,Bắc Ninh,2025,822.7,1560.3226874167904,1897.573656823141,23.809059369251234,1872.9479184544318,0,2156.3521513091787,147478.87305985458,176.1596108852211,6.62313098311509,0,0,0,21.200282620710194
Đồng bằng sông Hồng,Quảng Ninh,2025,6177.8,1408.8626262222183,228.59895865779842,23.408907110944487,2143.9604191643984,0,2729.4958209131155,169288.79197402974,269.8127042652673,6.795908313109398,0,1,1,-2.303533105240385
Đồng bằng sông Hồng,Hải Dương,2025,1668.2,1992.7768967142465,1195.5927837766271,23.709021304674547,1835.0142825017645,0,2173.506099167043,151475.21498256258,113.76064201706896,6.7728713357768235,0,0,0,-1.1718829600295038
Đồng bằng sông Hồng,Hải Phòng,2025,1561.8,2144.924355903962,1374.6282513980002,23.709021304674547,1789.1693534894496,0,2039.3016835731632,162327.84020394494,223.1500778086982,8.097497532399842,1,1,4,3.648383112761317
Đồng bằng sông Hồng,Hưng Yên,2025,930.3,1328.0933617928897,1428.2377417027053,23.809059369251234,1799.3120368992538,0,2079.6639138269616,147305.42245008875,133.64963034281973,6.761352847110536,0,0,0,6.177228860097077
Đồng bằng sông Hồng,Thái Bình,2025,1586.4,1908.7222742198953,1203.6847823131864,24.009135498404603,1754.6842298961155,0,1984.8126727305355,158388.31830857403,75.18474707756336,6.565538539783655,0,0,2,-2.368665752064115
Đồng bằng sông Hồng,Hà Nam,2025,862.0,902.4726972706807,1047.9138104844212,23.809059369251234,1855.806783491863,0,2076.636746557927,150347.7860190847,115.94624512978884,6.450353653120784,0,0,0,-1.232788091019016
Đồng bằng sông Hồng,Nam Định,2025,1668.5,1913.0185116895404,1147.0407925572717,24.009135498404603,1760.0598521033116,0,2002.9756763447447,157932.76124729254,62.18040855688016,6.830463779108259,0,0,2,-2.759645298598502
Đồng bằng sông Hồng,Ninh Bình,2025,1386.8,1038.2034749293282,749.5213644487993,23.909097433827917,1810.2661349818422,0,1991.8760630249503,155494.4842847224,102.83262645346964,6.795908313109398,0,0,0,-0.7000082833463991
Trung du và miền núi phía Bắc,Hà Giang,2025,7929.5,918.1413280423276,116.32247896303902,22.908716788061056,2715.399202472763,0,3616.455830740335,151354.5970297944,42.29142023112939,2.8220297232403433,0,0,0,-6.167494277217877
Trung du và miền núi phía Bắc,Cao Bằng,2025,6700.3,561.8568818831678,83.95448481680208,21.508183883987456,1846.1712342525489,0,2576.1193459486817,147918.4806397783,48.957509724924975,2.99480705323465,0,0,0,-4.82242827582494
Trung du và miền núi phía Bắc,Bắc Kạn,2025,4860.0,332.1749723589158,68.7819875607535,22.108412271447573,2154.813090412889,0,2871.772682557755,142938.25508581245,61.41544746742821,3.1675843832289563,0,0,0,-3.4521047613675586
Trung du và miền núi phía Bắc,Tuyên Quang,2025,5867.9,828.9716557605869,141.60997438978663,23.60898324009786,2066.470317913495,0,2314.7739050553373,143952.04399461616,65.24025291468797,4.250322317859945,0,0,0,-3.1886097629158017
Trung du và miền núi phía Bắc,Lào Cai,2025,6364.0,795.6328529961409,125.42597731666817,22.908716788061056,2450.168031306385,0,3675.9901203646878,171389.139300332,105.23678987746149,4.089063476531925,0,0,0,-2.290744298293806
Trung du và miền núi phía Bắc,Yên Bái,2025,6887.7,872.7326251866901,126.43747713373807,23.208830981791117,2366.693746843697,0,2636.6626913293794,146766.13061167893,60.431926066704264,4.03147103320049,0,0,0,-4.5895309805925075
Trung du và miền núi phía Bắc,Thái Nguyên,2025,3526.6,1376.281983011239,390.4389293889832,23.108792917214434,2152.277419560438,0,2509.5216660299143,140438.17388298092,136.70947470062754,6.139354459131032,0,0,0,-2.0378400441575506
Trung du và miền núi phía Bắc,Lạng Sơn,2025,8310.1,822.8356177745292,99.12698207285065,21.608221948564143,1617.8594306978578,0,2262.3030057253995,154579.38279181992,66.98873540486386,3.6859163732118767,0,0,0,-3.7289093985159596
Trung du và miền núi phía Bắc,Bắc Giang,2025,3895.5,1971.8314754504709,506.76140835202216,23.508945175521173,1925.6898721854132,0,2233.0403887913953,149076.81172338687,112.01215952689309,5.8974661971390026,0,0,0,-2.206732091447999
Trung du và miền núi phía Bắc,Phú Thọ,2025,3534.6,1557.3709195552929,441.0139202424784,23.308869046367803,1931.4712017290017,0,2262.3030057253995,145982.61233997814,76.27754863392329,5.436726650487517,0,0,0,-2.716741522452654
Trung du và miền núi phía Bắc,Điện Biên,2025,9541.3,660.5288205683589,68.7819875607535,22.108412271447573,2264.4554980728713,0,3021.112934496809,177990.23089728196,51.580233460188815,2.741400302576333,0,1,0,-3.7808550427150696
Trung du và miền núi phía Bắc,Lai Châu,2025,9068.8,500.0112799083704,55.63248993884475,19.707498721607113,2220.3348252402234,0,3146.235848283584,179253.23045230092,61.961848245608174,2.8796221665717785,0,0,0,-2.3749308394783175
Trung du và miền núi phía Bắc,Sơn La,2025,14123.5,1341.8716480778928,95.08098280457102,21.508183883987456,1472.1090700989723,0,1875.8346510452798,184990.05952817632,60.54120622234026,2.99480705323465,0,0,0,-5.164228940183291
Trung du và miền núi phía Bắc,Hòa Bình,2025,4590.6,902.078454302878,196.2309645115615,24.10917356298129,1841.099892547647,0,2084.7091926086864,146992.4138784424,84.36428015098679,4.1466559198633615,0,0,0,-3.029581303330902
Bắc Trung Bộ,Thanh Hóa,2025,11114.7,3801.563632993173,341.88693816962774,24.209211627557973,1739.7744852837034,0,1855.6535359183806,162961.83208791658,87.86124513133858,5.839873753807567,0,1,1,-2.8951227061147606
Bắc Trung Bộ,Nghệ An,2025,16481.6,3508.752304650253,213.42646140174986,24.80944001501809,1773.4481942042532,0,1943.441386720392,163977.61468189,66.55161478231989,5.091171990498904,0,1,1,-3.5821086274387515
Bắc Trung Bộ,Hà Tĩnh,2025,5990.7,1343.8327541228603,224.5529593895188,24.709401950441404,2397.8317849117957,0,2574.101234435992,168712.61695998005,92.66957197932227,4.780172796509153,0,0,1,-2.8095632872435305
Bắc Trung Bộ,Quảng Bình,2025,8000.0,934.2244193698697,117.33397878010892,25.209592273324834,2448.0380677903263,0,3038.2668823546733,175954.67833899567,70.70426069648764,4.814728262508013,0,1,1,-3.572044743042619
Bắc Trung Bộ,Quảng Trị,2025,4621.7,665.7853934723954,144.64447384099634,25.50970646705489,2458.7893122047185,0,2825.3561177658867,180791.35856074153,88.40764590951855,4.4922105798519745,0,0,1,-2.8095632872435305
Bắc Trung Bộ,Huế,2025,4902.4,1190.4318044714132,242.7599560967771,25.609744531631577,2952.433713759886,0,2954.5152545780415,182628.53944464048,74.09194552120341,5.908984685805289,1,1,1,-2.496106676925096
Duyên hải Nam Trung Bộ,Đà Nẵng,2025,1284.9,1282.8767260241304,999.3618192650657,25.909858725361634,2341.539891987383,0,2960.5695891161113,194810.9526742275,128.07634240538408,7.717387406412367,1,1,1,8.530278484498346
Duyên hải Nam Trung Bộ,Quảng Nam,2025,10574.7,1556.2185170340235,147.67897329220605,25.80982066078495,2593.1798673846233,0,2943.415641258247,182274.6603270148,90.59324902223841,4.722580353177716,0,1,2,-2.8095632872435305
Duyên hải Nam Trung Bộ,Quảng Ngãi,2025,5155.8,1270.6248676401071,246.80595536505672,26.109934854515007,2646.8346626224875,0,3011.0223769333593,200905.64823806804,121.3009727559525,4.895357683172024,0,0,1,-4.037607451179936
Duyên hải Nam Trung Bộ,Bình Định,2025,6066.2,1531.9068673528552,252.87495426747614,26.00989678993832,2176.7212865780657,0,2975.705425461286,207907.47055413213,93.21597275750224,5.471282116486379,0,1,1,-2.6105822643864993
Duyên hải Nam Trung Bộ,Phú Yên,2025,5023.4,892.9097781029528,178.0239678043032,26.00989678993832,1781.0552067616063,0,2784.9938875120883,207349.23870660993,77.5889105015552,4.561321511849697,0,1,2,-3.2754371285839503
Duyên hải Nam Trung Bộ,Khánh Hòa,2025,5137.8,1281.228992594596,249.84045481626643,26.410049048245064,1649.2003224341527,0,2214.877385177186,212703.2802298987,105.45535018873349,5.183319899829201,0,1,1,-2.7881590998664394
Duyên hải Nam Trung Bộ,Ninh Thuận,2025,3355.3,616.454478526823,184.09296670672262,26.51008711282175,1420.6856652112654,0,1717.4128972991211,217486.13095206206,105.1275097218255,3.9969155672016288,0,0,2,-3.0882701753835975
Duyên hải Nam Trung Bộ,Bình Thuận,2025,7943.9,1280.0159373090491,160.82847091411483,26.410049048245064,1124.4178828108866,0,1724.476287593536,220208.50805131762,107.64095330145335,5.632540957814399,0,0,1,-2.797866955264167
Tây Nguyên,Kon Tum,2025,9674.2,604.7080598451109,62.71298865833408,23.508945175521173,2028.333828292631,0,2467.141324263426,207186.75336527757,70.37642022957965,4.008434055867916,0,0,0,-1.4215769496853923
Tây Nguyên,Gia Lai,2025,15511.0,1648.0468021499207,106.20748079233998,22.708640658907687,2125.805015860849,0,2622.5359107405498,208072.94642321905,72.01562256411955,3.5707314865490054,0,1,0,-1.9325763511204435
Tây Nguyên,Đắk Lắk,2025,13030.5,1965.9784836977071,150.71347274341576,23.508945175521173,1450.6065812701877,0,1959.5862788219115,201701.12862078715,74.5290661437474,4.284877783858807,0,1,0,-2.7377646674981864
Tây Nguyên,Đắk Nông,2025,6509.3,700.4383394628508,107.21898060940988,21.808298077717517,2135.440565100163,0,2547.865784771023,197432.6486724121,80.976595326271,4.261840806526233,0,0,0,0.12870785215584668
Tây Nguyên,Lâm Đồng,2025,9783.3,1375.9382840136673,140.59847457271673,19.00723226957031,2032.0866211542586,0,2375.317250436035,209195.39117377263,102.61406614219767,6.116317481798458,0,1,0,-0.6408944425177955
Đông Nam Bộ,Bình Phước,2025,6876.8,1071.9870646318084,155.7709718287653,26.20997291909169,2480.0889473653074,0,2676.015865826833,205531.99467440823,113.323521394525,5.851392242473854,0,0,0,0.22950011501747491
Đông Nam Bộ,Tây Ninh,2025,4041.3,1214.8142157109053,300.41544566976165,27.510467758588607,1962.9135202993943,0,2123.053311349795,209662.91034607246,110.2636770367172,6.10479899313217,0,0,0,0.6269278742535845
Đông Nam Bộ,Bình Dương,2025,2694.4,2889.9222595225674,1073.2013059111687,26.810201306551807,2150.2488828784767,0,2333.9459644258914,205501.09255427754,200.74764590331958,10.297528867660679,0,0,2,44.12027515548238
Đông Nam Bộ,Đồng Nai,2025,5863.6,3378.075924014717,576.5548957298456,26.51008711282175,2157.7544686017322,0,2576.1193459486817,207687.16834287782,161.07894940745405,8.235719396395288,0,0,1,7.110452235465606
Đông Nam Bộ,Bà Rịa - Vũng Tàu,2025,1981.0,1205.8376065978584,608.9228898760825,27.110315500281867,1696.870934460232,0,2414.6704249334884,218088.22387331814,410.2377042575186,6.565538539783655,0,1,4,2.672717552992262
Đông Nam Bộ,TP Hồ Chí Minh,2025,2061.4,9625.482494079843,4672.1176550458895,27.21035356485855,2019.1039863897095,0,2277.4388420705736,207080.09120869744,202.60540854913148,8.18964544173014,1,1,1,14.925920679622266
Đồng bằng sông Cửu Long,Long An,2025,4494.9,1772.1120314792263,394.4849286572628,26.810201306551807,2066.876025249887,0,2221.9407754716012,209862.27886304466,114.7441634177929,5.298504786492072,0,0,2,-2.495203036715214
Đồng bằng sông Cửu Long,Tiền Giang,2025,2510.6,1814.781251148337,723.2223692049818,26.71016324197512,2027.3195599516507,0,2173.506099167043,206627.5246751705,81.63227626008695,5.782281310476131,0,0,2,-2.2411464586743457
Đồng bằng sông Cửu Long,Bến Tre,2025,2394.8,1319.480669265507,551.2674003030979,26.71016324197512,2110.7938444143388,0,2217.9045524462213,210469.35599722507,61.74328793433619,5.045098035833756,0,0,2,-6.155472588026824
Đồng bằng sông Cửu Long,Trà Vinh,2025,2358.3,1034.0184341941915,438.99092060833857,26.71016324197512,2126.1092963631427,0,2234.0494445477407,209509.39658800384,97.80573929421395,4.814728262508013,0,0,1,-6.037414433893625
Đồng bằng sông Cửu Long,Vĩnh Long,2025,1525.7,1046.6241003698326,686.8083757904652,26.810201306551807,2027.420986785749,0,2135.1619804259344,202460.72267045127,87.2055641975226,4.7110618645114295,0,0,2,-2.745227457713174
Đồng bằng sông Cửu Long,Đồng Tháp,2025,3383.8,1618.377491624254,478.43941347406485,27.110315500281867,2000.7457294179637,0,2096.817861684826,204261.02037871035,81.52299610445095,6.116317481798458,0,0,1,-6.165275857539853
Đồng bằng sông Cửu Long,An Giang,2025,3536.7,1931.7905422333781,546.2099012177484,27.110315500281867,1921.7342256555899,0,2178.551377948768,200685.34602681373,69.83001945139968,4.860802217173162,0,0,2,-7.282086947270053
Đồng bằng sông Cửu Long,Kiên Giang,2025,6348.8,1783.0194202551017,281.19694914543345,27.010277435705177,2127.0221378700253,0,2559.9744538471623,200117.14575344292,86.76844357497865,5.932021663137864,0,2,2,-5.548262907639619
Đồng bằng sông Cửu Long,Cần Thơ,2025,1439.0,1282.310633557542,892.1428386556559,26.810201306551807,2005.918497956964,0,2171.487987654353,200676.37444354998,112.55856030507304,6.968685643103704,1,1,1,-0.37254594529162244
Đồng bằng sông Cửu Long,Hậu Giang,2025,1621.7,736.850215617349,454.16341786438716,26.71016324197512,2160.188712620085,0,2294.592789928438,202102.85618248617,97.47789882730598,5.275467809159498,0,0,1,-5.370476951980365
Đồng bằng sông Cửu Long,Sóc Trăng,2025,3311.9,1216.8056481380113,367.17443359637537,26.610125177398437,2092.8412947789857,0,2368.25386014162,207328.30501232785,71.90634240848355,4.918394660504597,0,0,2,-7.5454106178564295
Đồng bằng sông Cửu Long,Bạc Liêu,2025,2669.0,939.5517538322298,352.0019363403268,26.810201306551807,2215.2634835353215,0,2667.9434197760734,206426.16247302858,76.82394941210325,5.955058640470438,0,0,0,-6.584013839191761
Đồng bằng sông Cửu Long,Cà Mau,2025,5221.2,1224.0132182929688,234.66795756021784,26.810201306551807,2529.6866692392496,0,2658.8619179689686,202659.09434483864,78.35387159100716,5.125727456497766,0,1,2,-10.047940674253894
Đồng bằng sông Hồng,Hà Nội,2026,3358.6,8875.626572514237,2645.819041505317,23.818122186913023,1843.7083074406708,0,2134.1336166894353,144897.64408246678,195.13477047461166,10.017006377231546,1,1,0,6.2205228662013985
Đồng bằng sông Hồng,Vĩnh Phúc,2026,1235.2,1248.5295271486852,1011.8774292531934,23.71804604327053,1785.6873563528156,0,2190.1342602571444,145366.66818807123,168.74261363563423,7.748253939474467,0,0,0,-0.8048145069016882
Đồng bằng sông Hồng,Bắc Ninh,2026,822.7,1577.298069274685,1919.3954067532768,23.818122186913023,1899.6717779934957,0,2175.879550985364,147013.2210333818,192.50749694312972,7.62884591643462,0,0,0,21.200282620710194
Đồng bằng sông Hồng,Quảng Ninh,2026,6177.8,1424.190212790246,231.22780486473377,23.41781761234305,2174.5511774735464,0,2754.21347001189,168754.2769793983,294.8517431467663,7.827859288167698,0,1,1,-2.303533105240385
Đồng bằng sông Hồng,Hải Dương,2026,1668.2,2014.457122895742,1209.3418820801562,23.71804604327053,1861.1968919884287,0,2193.188840815383,150996.94484560264,124.3178066487581,7.8013241719366215,0,0,0,-1.1718829600295038
Đồng bằng sông Hồng,Hải Phòng,2026,1561.8,2168.25985585625,1390.4362248282,23.71804604327053,1814.6978318967433,0,2057.7691027334677,161815.3038238138,243.85875233118543,9.327093355223546,1,1,4,7.0218073700451225
Đồng bằng sông Hồng,Hưng Yên,2026,930.3,1342.5422268521384,1444.66221446462,23.818122186913023,1824.985234571895,0,2098.4968435099836,146840.31807919708,146.05252404556308,7.788056613821082,0,0,0,9.000977021419956
Đồng bằng sông Hồng,Thái Bình,2026,1586.4,1929.4880361528928,1217.526937119616,24.018274474198,1779.7206628012277,0,2002.7866526851712,157888.2206345155,82.16200862088913,7.562508125856929,0,0,2,-2.093462324982538
Đồng bằng sông Hồng,Hà Nam,2026,862.0,912.2910629049438,1059.9646276100186,23.818122186913023,1882.2860674724895,0,2095.4422629517453,149873.07564340215,126.70623713192349,7.429832544701544,0,0,0,-1.232788091019016
Đồng bằng sông Hồng,Nam Định,2026,1668.5,1933.8310141283241,1160.2315518433986,24.018274474198,1785.172986219058,0,2021.1141360346032,157434.10195599595,67.9508472460551,7.867661962514313,0,0,2,-2.759645298598502
Đồng bằng sông Hồng,Ninh Bình,2026,1386.8,1049.4985106134507,758.1407230299458,23.91819833055551,1836.0956294610587,0,2009.9140073210617,155003.52364602036,112.3756542329312,7.827859288167698,0,0,0,-0.7000082833463991
Trung du và miền núi phía Bắc,Hà Giang,2026,7929.5,928.1301590506342,117.66016619223178,22.917436894130592,2754.1434441915876,0,3649.2055735758277,150876.70773378457,46.21612984925014,3.2505517383069256,0,0,0,-6.167494277217877
Trung du và miền núi phía Bắc,Cao Bằng,2026,6700.3,567.9695502410465,84.91994603439338,21.51637088313571,1872.5130349310953,0,2599.4480550611297,147451.44058967748,53.500842822904545,3.4495651100400027,0,0,0,-4.82242827582494
Trung du và miền núi phía Bắc,Bắc Kạn,2026,4860.0,335.7888382886381,69.57296783540662,22.116827744990662,2185.558698335959,0,2897.7787562491094,142486.93967527102,67.11489657694722,3.6485784817730793,0,0,0,-2.463886917536629
Trung du và miền núi phía Bắc,Tuyên Quang,2026,5867.9,837.9903738240951,143.23846319054303,23.617969899628037,2095.9554210353886,0,2335.735933533189,143497.5276316264,71.29464992248664,4.895728944633696,0,0,0,-3.1886097629158017
Trung du và miền núi phía Bắc,Lào Cai,2026,6364.0,804.2888647347486,126.86835311162385,22.917436894130592,2485.127864236373,0,3709.2789912211892,170847.99263725546,115.0029277644131,4.709983131016157,0,0,0,-2.290744298293806
Trung du và miền núi phía Bắc,Yên Bái,2026,6887.7,882.2274365432526,127.8914849915563,23.217665325058068,2400.462540219876,0,2660.5396662259036,146302.72900900219,66.04010285952279,4.643645340438465,0,0,0,-3.0532257540928947
Trung du và miền núi phía Bắc,Thái Nguyên,2026,3526.6,1391.255111578917,394.9289056539259,23.117589181415582,2182.986847667171,0,2532.2472827798783,139994.7522666779,149.3963267219946,7.071608475582004,0,0,0,-2.0378400441575506
Trung du và miền núi phía Bắc,Lạng Sơn,2026,8310.1,831.7875793980086,100.26692423338014,21.616447026778204,1640.9436007134327,0,2282.7898705237185,154091.31150842525,73.20539430901894,4.245618596972311,0,0,0,-3.438506178396529
Trung du và miền núi phía Bắc,Bắc Giang,2026,3895.5,1993.2838279190514,512.5890718461576,23.517893755985543,1953.1662719042838,0,2253.262258460744,148606.11434118674,122.4070622622258,6.792989755155697,0,0,0,-2.1588901771507816
Trung du và miền núi phía Bắc,Phú Thọ,2026,3534.6,1574.314187936271,446.08549965054834,23.31774146870056,1959.0300914291204,0,2282.7898705237185,145521.68462975408,83.35622386247181,6.262287430534157,0,0,0,-2.441538095371077
Trung du và miền núi phía Bắc,Điện Biên,2026,9541.3,667.714980872069,69.57296783540662,22.116827744990662,2296.7655212543473,0,3048.471397122218,177428.2418476637,56.366959402703,3.157678831498156,0,1,0,-3.7808550427150696
Trung du và miền núi phía Bắc,Lai Châu,2026,9068.8,505.4511049382503,56.27225339628477,19.71500029757086,2252.015319617438,0,3174.7273935294174,178687.25358876717,67.71200419773857,3.3168895288846176,0,0,0,-2.3749308394783175
Trung du và miền núi phía Bắc,Sơn La,2026,14123.5,1356.470412688639,96.17439671365032,21.51637088313571,1493.113624271504,0,1892.8217525885782,184405.9691136689,66.15952438368106,3.4495651100400027,0,0,0,-3.6279237136836806
Trung du và miền núi phía Bắc,Hòa Bình,2026,4590.6,911.8925308083748,198.48758470689538,24.118350617840495,1867.3693335935197,0,2103.5878111070483,146528.29780555348,92.19341665018372,4.77632092159385,0,0,0,-2.542303274613391
Bắc Trung Bộ,Thanh Hóa,2026,11114.7,3842.922381954251,345.81857541716823,24.218426761482984,1764.5981808687548,0,1872.4578822003202,162447.293932213,96.01490542324834,6.726651964578005,0,1,1,-2.8951227061147606
Bắc Trung Bộ,Nghệ An,2026,16481.6,3546.9254406922696,215.88082666574704,24.818883623337936,1798.7523577502584,0,1961.0407183892423,163459.86927884637,72.72770821238586,5.864260687068004,0,1,1,-3.5821086274387515
Bắc Trung Bộ,Hà Tĩnh,2026,5990.7,1358.4528543997772,227.13527734500397,24.718807479695442,2432.044866432591,0,2597.411668022304,168179.92118906064,101.26945248621216,5.5060366179484665,0,0,1,-2.8095632872435305
Bắc Trung Bộ,Quảng Bình,2026,8000.0,944.3882248363074,118.68329807216423,25.219188197907904,2482.9675096745914,0,3065.7806869522374,175399.11637384104,77.2657261304001,5.54583929229508,0,1,1,-3.2968413159610415
Bắc Trung Bộ,Quảng Trị,2026,4621.7,673.0287421596555,146.3078588303404,25.519416628835376,2493.8721565102524,0,2850.9418543561155,180220.52518823257,96.61201304403968,5.1743476650600035,0,0,1,-2.8095632872435305
Bắc Trung Bộ,Huế,2026,4902.4,1203.382993747614,245.5516511837881,25.61949277247787,2994.560044709881,0,2981.2706248409663,182051.90532939573,80.96779337930641,6.806257313271235,1,1,1,-2.220903249843519
Duyên hải Nam Trung Bộ,Đà Nẵng,2026,1284.9,1296.8336610071879,1010.854297373261,25.919721203405345,2374.9497815854997,0,2987.379785957444,194195.85362302285,139.96202631349135,8.889263937410776,1,1,1,8.530278484498346
Duyên hải Nam Trung Bộ,Quảng Nam,2026,10574.7,1573.149247961685,149.37725447013773,25.819645059762856,2630.180241956011,0,2970.0704961274246,181699.1435550534,99.00044352720506,5.439698827370772,0,1,2,-2.8095632872435305
Duyên hải Nam Trung Bộ,Quảng Ngãi,2026,5155.8,1284.4485096984286,249.6441787035179,26.119873490690328,2684.600602107563,0,3038.2894619280887,200271.3057028229,132.55789181567866,5.63871219910385,0,0,1,-4.037607451179936
Duyên hải Nam Trung Bộ,Bình Định,2026,6066.2,1548.5731020065975,255.7829699831126,26.019797347047838,2207.7794881142863,0,3002.6526887486375,207251.02035910607,101.86656010700352,6.302090104880773,0,1,1,-2.6105822643864993
Duyên hải Nam Trung Bộ,Phú Yên,2026,5023.4,902.6241048702191,180.07121086811125,26.019797347047838,1806.467909756622,0,2810.2141135795996,206694.55108127027,84.78928215237104,5.253953013753234,0,1,2,-3.2754371285839503
Duyên hải Nam Trung Bộ,Khánh Hòa,2026,5137.8,1295.1680012189638,252.71357434331526,26.420101921617803,1672.7316749796512,0,2234.934775111312,212031.6876727989,115.24177081272965,5.970401151992312,0,1,1,-2.7881590998664394
Duyên hải Nam Trung Bộ,Ninh Thuận,2026,3355.3,623.1611362299977,186.21000214770595,26.520178065260296,1440.9564927084855,0,1732.965370040753,216799.43694968484,114.88350624025485,4.6038426660918494,0,0,2,-2.797866955264167
Duyên hải Nam Trung Bộ,Bình Thuận,2026,7943.9,1293.941748614136,162.67796890925962,26.420101921617803,1140.461460567307,0,1740.0927246766435,219513.2183742733,117.63020129589503,6.4878359184983125,0,0,1,-2.797866955264167
Tây Nguyên,Kon Tum,2026,9674.2,611.2869235065834,63.43417655581192,23.517893755985543,2057.274786976818,0,2489.483154964537,206532.5787736145,76.90746155792527,4.617110224207388,0,0,0,-1.1463735226038148
Tây Nguyên,Gia Lai,2026,15511.0,1665.9765701471379,107.42884739290729,22.71728460684561,2156.136726685025,0,2646.2849569541227,207415.9737521788,78.69878442029932,4.112943015816926,0,1,0,-1.3669697039194353
Tây Nguyên,Đắk Lắk,2026,13030.5,1987.3671591007578,152.4466501099351,23.517893755985543,1471.3043306001828,0,1977.3318146998488,201064.27442373885,81.4454794759395,4.935531618980312,0,1,0,-2.4625612404166093
Tây Nguyên,Đắk Nông,2026,6509.3,708.0586915708988,108.45197927283974,21.816599314063186,2165.9097592264193,0,2570.9386365175683,196809.27183857307,88.49134940127738,4.908996502749234,0,0,0,0.6159858808733578
Tây Nguyên,Lâm Đồng,2026,9783.3,1390.9076733408824,142.2153313106106,19.014467292073416,2061.0811259666243,0,2396.8275446979633,208534.87447868436,112.13681118461467,7.045073359350928,0,1,0,-0.6408944425177955
Đông Nam Bộ,Bình Phước,2026,6876.8,1083.649645657901,157.56230950959736,26.219949634332817,2515.4757021280707,0,2700.2492134830068,204883.044842887,123.84012055212503,6.739919522693543,0,0,0,0.22950011501747491
Đông Nam Bộ,Tây Ninh,2026,4041.3,1228.0306711046499,303.8701683399378,27.52093950168521,1990.9210397220902,0,2142.2791648447383,209000.91749887183,120.4963178756935,7.031805801235389,0,0,0,1.9972245756274158
Đông Nam Bộ,Bình Dương,2026,2694.4,2921.362893111151,1085.5429246083297,26.82040649618777,2180.92936713214,0,2355.081610402034,204852.24029357824,219.37733987874026,11.861196955291392,0,0,2,47.233945495806445
Đông Nam Bộ,Đồng Nai,2026,5863.6,3414.827378837211,583.1851715614968,26.520178065260296,2188.542045111753,0,2599.4480550611297,207031.41373338873,176.0273266092886,9.486304052610008,0,0,1,7.110452235465606
Đông Nam Bộ,Bà Rịa - Vũng Tàu,2026,1981.0,1218.9564018289252,615.9253917193352,27.120634927115248,1721.0824675528638,0,2436.537091955066,217399.6288136363,448.30840169014203,7.562508125856929,0,1,4,2.672717552992262
Đông Nam Bộ,TP Hồ Chí Minh,2026,2061.4,9730.202012818623,4725.846153407989,27.220711070757737,2047.9132505424302,0,2298.0627733149117,206426.2533937423,221.40750578943084,9.433233820147853,1,1,1,14.925920679622266
Đồng bằng sông Cửu Long,Long An,2026,4494.9,1791.391555305886,399.0214331736557,26.82040649618777,2096.3669171423944,0,2242.0621297472026,209199.65652667033,125.39260036618252,6.103076733147695,0,0,2,-2.495203036715214
Đồng bằng sông Cửu Long,Tiền Giang,2026,2510.6,1834.5249906806985,731.539294151702,26.72033035254528,2056.246046709303,0,2193.188840815383,205975.1158006397,89.207878546227,6.6603141740003124,0,0,2,-1.7538684299568323
Đồng bằng sông Cửu Long,Bến Tre,2026,2394.8,1333.8358333578622,557.6068745631854,26.72033035254528,2140.9113707258007,0,2237.989355669551,209804.81686631677,67.47316114942203,5.81119045460585,0,0,2,-5.467353529769491
Đồng bằng sông Cửu Long,Trà Vinh,2026,2358.3,1045.2679391267955,444.03923589068347,26.72033035254528,2156.4453487652795,0,2254.2804519801575,208847.88844746698,106.8822641216508,5.54583929229508,0,0,1,-6.037414433893625
Đồng bằng sông Cửu Long,Vĩnh Long,2026,1525.7,1058.010747445296,694.7065464741338,26.82040649618777,2056.348920736055,0,2154.497487077693,201821.47011965115,95.2983762782987,5.426431269255234,0,0,2,-2.745227457713174
Đồng bằng sông Cửu Long,Đồng Tháp,2026,3383.8,1635.984475187395,483.941379208049,27.120634927115248,2029.2930517004056,0,2115.806133340003,203616.08354067156,89.08845702206871,7.045073359350928,0,0,1,-5.677997828822342
Đồng bằng sông Cửu Long,An Giang,2026,3536.7,1952.807273188032,552.4912151635232,27.120634927115248,1949.154184860975,0,2198.279808412448,200051.69907710553,76.31035393713393,5.598909524757234,0,0,2,-7.0093039457934125
Đồng bằng sông Cửu Long,Kiên Giang,2026,6348.8,1802.4176099776278,284.4306626212212,27.02055878347275,2157.3712150060433,0,2583.1569587505232,199485.2928478798,94.82069018166565,6.832792429502313,0,2,2,-5.548262907639619
Đồng bằng sông Cửu Long,Cần Thơ,2026,1439.0,1296.2614097916016,902.4023181004212,26.82040649618777,2034.5396270647332,0,2191.1524537765576,200042.7558208546,123.00416988301714,8.026872659900775,1,1,1,-0.37254594529162244
Đồng bằng sông Cửu Long,Hậu Giang,2026,1621.7,744.866707259142,459.3862140896702,26.72033035254528,2191.011021753789,0,2315.372063144931,201464.73356475285,106.52399954917601,6.07654161691662,0,0,1,-5.370476951980365
Đồng bằng sông Cửu Long,Sóc Trăng,2026,3311.9,1230.0437691309085,371.3968724154795,26.62025420890279,2122.7026679907826,0,2389.7001900620726,206673.68348335143,78.57936289614105,5.665247315334926,0,0,2,-7.071560496452595
Đồng bằng sông Cửu Long,Bạc Liêu,2026,2669.0,949.7735175258423,356.0498942164927,26.82040649618777,2246.8716182798626,0,2692.1036653277038,205774.38938256324,83.95333148326314,6.859327545733389,0,0,0,-6.826890424955095
Đồng bằng sông Cửu Long,Cà Mau,2026,5221.2,1237.329753357926,237.36659614432847,26.82040649618777,2565.781101209562,0,2682.9399236529875,202019.21545231066,85.62523282147893,5.90406336141462,0,1,2,-10.047940674253894
Đồng bằng sông Hồng,Hà Nội,2027,3358.6,8972.188105273814,2676.245476482698,23.82718845429799,1870.0149662396555,0,2153.459810729762,144440.14206744425,213.24358087459382,11.538077442626731,1,1,0,6.2205228662013985
Đồng bằng sông Hồng,Vĩnh Phúc,2027,1235.2,1262.112785057531,1023.5138345867705,23.727074217095055,1811.166152437671,0,2209.9675824807814,144907.68526923715,184.40219080526384,8.924817518535114,0,0,0,-0.8048145069016882
Đồng bằng sông Hồng,Bắc Ninh,2027,822.7,1594.4581331804313,1941.4681028157545,23.82718845429799,1926.7769426727755,0,2195.5837860350675,146549.03926366687,210.3724922704071,8.78727752253029,0,0,0,21.473065622186837
Đồng bằng sông Hồng,Quảng Ninh,2027,6177.8,1439.684554374432,233.88688232215378,23.426731505486252,2205.578415153099,0,2779.1549561183233,168221.44967050292,322.2144438062253,9.016510849204995,0,1,1,-2.303533105240385
Đồng bằng sông Hồng,Hải Dương,2027,1668.2,2036.3732170301707,1223.249092499052,23.727074217095055,1887.7530838750056,0,2213.0498245762915,150520.18480601365,135.854692589016,8.985946405648368,0,0,0,-0.5492166425656518
Đồng bằng sông Hồng,Hải Phòng,2027,1561.8,2191.8492321545846,1406.4259870610929,23.727074217095055,1840.5905593386633,0,2076.403758342008,161304.38573380854,266.48922407951073,10.743401910154427,1,1,4,7.0218073700451225
Đồng bằng sông Hồng,Hưng Yên,2027,930.3,1357.148286960701,1461.2755656587665,23.82718845429799,1851.024746182987,0,2117.5003196154767,146376.68223588725,159.6064255872878,8.970664183870054,0,0,0,8.789207191616345
Đồng bằng sông Hồng,Thái Bình,2027,1586.4,1950.4797172122517,1231.5282741741728,24.02741692870385,1805.1143240679635,0,2020.9234006228253,157389.70197642402,89.78677089456582,8.710866413638724,0,0,2,-0.9835179788011736
Đồng bằng sông Hồng,Hà Nam,2027,862.0,922.2162465116726,1072.1540269281033,23.82718845429799,1909.1431669058688,0,2114.418077519967,149399.8641254464,138.46477313827666,8.558044195855588,0,0,0,-1.232788091019016
Đồng bằng sông Hồng,Nam Định,2027,1668.5,1954.8699442023437,1173.574002448329,24.02741692870385,1810.6444430954548,0,2039.416853195886,156937.01713909488,74.25679162646504,9.062357514539935,0,0,2,-2.650031411446061
Đồng bằng sông Hồng,Ninh Bình,2027,1386.8,1060.916429561005,766.8592026580353,23.927302691500916,1862.2936679748564,0,2028.1152988456827,154514.1131738716,122.80428984271285,9.016510849204995,0,0,0,-0.7000082833463991
Trung du và miền núi phía Bắc,Hà Giang,2027,7929.5,938.2276625931848,119.01323657985702,22.926160319471588,2793.440501962284,0,3682.251890102799,150400.3273326727,50.50505862819328,3.74414433568682,0,0,0,-5.737660570461558
Trung du và miền núi phía Bắc,Cao Bằng,2027,6700.3,574.1487207913129,85.89650987937506,21.524560998630534,1899.2306894037613,0,2622.9880232791425,146985.87517890133,58.46580430343821,3.973377662361523,0,0,0,-3.9505576133865032
Trung du và miền núi phía Bắc,Bắc Kạn,2027,4860.0,339.44202092806086,70.37304423852414,22.125246421848132,2216.7429950765254,0,2924.0203346073013,142037.04925483928,73.34326343422383,4.202610989036226,0,0,0,-2.403641245491723
Trung du và miền núi phía Bắc,Tuyên Quang,2027,5867.9,847.1072101705912,144.88567931460852,23.62695997989212,2125.861227662468,0,2356.887789033432,143044.44636548206,77.91090439542994,5.6391398361977,0,0,0,-2.783671414651502
Trung du và miền núi phía Bắc,Lào Cai,2027,6364.0,813.0390487274768,128.32731596436759,22.926160319471588,2520.5865159832247,0,3742.8693179811658,170308.5545988453,125.67537844689953,5.4251887313013105,0,0,0,-2.290744298293806
Trung du và miền núi phía Bắc,Yên Bái,2027,6887.7,891.8255457943764,129.36221367375765,23.226503031080387,2434.713158254443,0,2684.6328651893455,145840.79055756112,72.16872718705653,5.348777622409743,0,0,0,-3.0532257540928947
Trung du và miền núi phía Bắc,Thái Nguyên,2027,3526.6,1406.3911388707456,399.4705158245636,23.12638879387746,2214.1344483654443,0,2555.178697177919,139552.73071649915,163.26053835625265,8.145424207841122,0,0,0,-2.249609873961161
Trung du và miền núi phía Bắc,Lạng Sơn,2027,8310.1,840.8369330341538,101.41997552022599,21.624675235833468,1664.3571435380397,0,2303.462259377923,153604.78126868964,79.99896883483845,4.890310969060336,0,0,0,-3.163302751314952
Trung du và miền núi phía Bắc,Bắc Giang,2027,3895.5,2014.9695692102398,518.4837524044206,23.526845742689186,1981.0347142632575,0,2273.6672524546575,148136.90314602703,133.76662814960753,7.824497550496537,0,0,0,-2.1588901771507816
Trung du và miền núi phía Bắc,Phú Thọ,2027,3534.6,1591.4417889895917,451.2154012940666,23.32661726828332,1986.9822007645218,0,2303.462259377923,145062.21225966024,91.09181116919613,7.213208679363995,0,0,0,-1.954260066653565
Trung du và miền núi phía Bắc,Điện Biên,2027,9541.3,674.9793223214044,70.37304423852414,22.125246421848132,2329.536554863662,0,3076.0776113191355,176868.02723077862,61.59790096255097,3.6371687832386246,0,1,0,-2.1926485457055946
Trung du và miền núi phía Bắc,Lai Châu,2027,9068.8,510.9501120257052,56.91937401645336,19.722504728977743,2284.1478420908547,0,3203.4769512668886,178123.06374915063,73.99578357153898,3.8205554445783876,0,0,0,-2.0466419122040684
Trung du và miền núi phía Bắc,Sơn La,2027,14123.5,1371.2280031665725,97.28038468266573,21.524560998630534,1514.417878585111,0,1909.9626851844598,183823.72291507875,72.29923121451957,3.973377662361523,0,0,0,-3.1980900069273623
Trung du và miền núi phía Bắc,Hòa Bình,2027,4590.6,921.81337862317,200.77015562167185,24.127531165906785,1894.0135959815998,0,2122.6373897746607,146065.64713977932,100.74910920146048,5.5015998401928785,0,0,0,-2.542303274613391
Bắc Trung Bộ,Thanh Hóa,2027,11114.7,3884.7310894799516,349.79542577384063,24.227645403109715,1789.7760694068077,0,1889.4144045477253,161934.38038707184,104.92523808027751,7.748086441604971,0,1,1,-2.8951227061147606
Bắc Trung Bộ,Nghệ An,2027,16481.6,3585.513877726993,218.3634166813029,24.828330826327313,1824.417569729962,0,1978.7994253175198,162943.7586129764,79.47695272498632,6.754742026014589,0,1,1,-3.3069052003571744
Bắc Trung Bộ,Hà Tĩnh,2027,5990.7,1373.2320126632264,229.74729148459355,24.72821658912438,2466.7461118665155,0,2620.9331952154694,167648.90735983278,110.66741528865089,6.342122038000125,0,0,1,-2.8095632872435305
Bắc Trung Bộ,Quảng Bình,2027,8000.0,954.6626064549176,120.04813428924707,25.228787775139047,2518.395336745917,0,3093.5436498603594,174845.3085484458,84.43610576858153,6.387968703335063,0,1,1,-3.2968413159610415
Bắc Trung Bộ,Quảng Trị,2027,4621.7,680.3508941681054,147.99037244277872,25.52913048674784,2529.4555748009,0,2876.7592891428117,179651.49417365578,105.57775821759266,5.960066493542285,0,0,1,-2.8095632872435305
Bắc Trung Bộ,Huế,2027,4902.4,1216.4750842522915,248.37545025361467,25.629244723950773,3037.287448514124,0,3008.2682852179114,181477.09188743608,88.48173061993549,7.839779772274851,1,1,1,-1.7336252211260073
Duyên hải Nam Trung Bộ,Đà Nẵng,2027,1284.9,1310.9424391332143,1022.4789368773804,25.929587435559572,2408.8363748805205,0,3014.432769408932,193582.6966948744,152.95072018667318,10.239088591470079,1,1,1,8.530278484498346
Duyên hải Nam Trung Bộ,Quảng Nam,2027,10574.7,1590.2641751616611,151.0950655709489,25.82947319835664,2667.708550488186,0,2996.9667308677076,181125.44392846047,108.1878387668533,6.265710929108554,0,1,2,-2.8095632872435305
Duyên hải Nam Trung Bộ,Quảng Ngãi,2027,5155.8,1298.4225447520575,252.5150410911749,26.129815909965437,2722.9053988946575,0,3065.803471000768,199638.9660503018,144.8594704839652,6.494944255783259,0,0,1,-4.037607451179936
Duyên hải Nam Trung Bộ,Bình Định,2027,6066.2,1565.4206553706695,258.7244273475153,26.029701672762506,2239.280838660264,0,3029.843979886483,206596.64284986374,111.31993542596607,7.259055344698936,0,1,1,-2.6105822643864993
Duyên hải Nam Trung Bộ,Phú Yên,2027,5023.4,912.4441177290205,182.14199685265075,26.029701672762506,1832.2432098632046,0,2835.662727869343,206041.93057655013,92.65785949875253,6.051759824212166,0,1,2,-2.7881590998664394
Duyên hải Nam Trung Bộ,Khánh Hòa,2027,5137.8,1309.258657958191,255.6197342193451,26.430158621574236,1696.5987808869993,0,2255.173799881597,211362.21561220608,125.93638650182561,6.876999800241098,0,1,1,-2.7881590998664394
Duyên hải Nam Trung Bộ,Ninh Thuận,2027,3355.3,629.9407583759892,188.35138310899112,26.53027285877717,1461.516551284391,0,1748.6586821860947,216114.91112534652,125.54487441943651,5.302930957074802,0,0,2,-2.8951227061147606
Duyên hải Nam Trung Bộ,Bình Thuận,2027,7943.9,1308.019064455106,164.54873579301972,26.430158621574236,1156.733953561702,0,1755.850580408952,218820.12401538124,128.54646705108624,7.473006449595326,0,0,1,-2.8951227061147606
Tây Nguyên,Kon Tum,2027,9674.2,617.9373612877846,64.16365798218379,23.526845742689186,2086.6286851278114,0,2512.027307840777,205880.46968271065,84.04459368619241,5.3182131788531155,0,0,0,-1.1463735226038148
Tây Nguyên,Gia Lai,2027,15511.0,1684.1014033451822,108.6642594859564,22.725931845065723,2186.90122070176,0,2670.249068743631,206761.07541659597,86.00215409813791,4.7374887512772,0,1,0,-0.8796916752019246
Tây Nguyên,Đắk Lắk,2027,13030.5,2008.9885305578553,154.1997586991191,23.526845742689186,1492.2974024751454,0,1995.2380498269074,200429.43103977363,89.00374672978764,5.6849865015326415,0,1,0,-1.9752832116990975
Tây Nguyên,Đắk Nông,2027,6509.3,715.7619485728952,109.69915719534647,21.824903710239333,2196.8136982038673,0,2594.220430387714,196187.86326418648,96.70348435010649,5.654422057976014,0,0,0,0.6159858808733578
Tây Nguyên,Lâm Đồng,2027,9783.3,1406.0399207115383,143.8507816052185,19.021705068557214,2090.489334260211,0,2418.532630943636,207876.4433090087,122.5432817877868,8.114859764284494,0,1,0,-0.6408944425177955
Đông Nam Bộ,Bình Phước,2027,6876.8,1095.4391086219175,159.37424724606942,26.229930147168368,2551.3673671739793,0,2724.7020124309774,204236.1440153882,135.3326764791639,7.763368663383283,0,0,0,0.22950011501747491
Đông Nam Bộ,Tây Ninh,2027,4041.3,1241.3909136642967,307.36461968884817,27.531415230806495,2019.3281799819247,0,2161.6791229844557,208341.01483790882,131.67856371019903,8.09957754250618,0,0,0,1.9972245756274158
Đông Nam Bộ,Bình Dương,2027,2694.4,2953.1455820741294,1098.0264696628547,26.830615570385966,2212.0476109965794,0,2376.40865563833,204205.4367288298,239.73589844958923,13.662306269812314,0,0,2,47.233945495806445
Đông Nam Bộ,Đồng Nai,2027,5863.6,3451.9786676071803,589.8916943523349,26.53027285877717,2219.768909261379,0,2622.9880232791425,206377.72961343106,192.36293648050872,10.926788571494189,0,0,1,7.110452235465606
Đông Nam Bộ,Bà Rịa - Vũng Tàu,2027,1981.0,1232.217921741469,623.0084210528169,27.13095828199477,1745.6394590553198,0,2458.6017781852674,216713.20793442047,489.912119096221,8.710866413638724,0,1,4,2.672717552992262
Đông Nam Bộ,TP Hồ Chí Minh,2027,2061.4,9836.060817573623,4780.1925196726925,27.2310725191977,2077.1335750994767,0,2318.8734698554736,205774.48001620252,241.95446691646077,10.865659684380935,1,1,1,14.925920679622266
Đồng bằng sông Cửu Long,Long An,2027,4494.9,1810.8808288731827,403.6101066621239,26.830615570385966,2126.2785951362407,0,2262.3656981044546,208539.12636409226,137.0292288361833,7.029822018024231,0,0,2,-2.365468115532491
Đồng bằng sông Cửu Long,Tiền Giang,2027,2510.6,1854.4835303441912,739.9518622138937,26.730501333183035,2085.5852664433787,0,2213.0498245762915,205324.76685176612,97.48650851488469,7.671675332713402,0,0,2,-1.7538684299568323
Đồng bằng sông Cửu Long,Bến Tre,2027,2394.8,1348.3471730887989,564.0192516175833,26.730501333183035,2171.4586241721613,0,2258.2560419771075,209142.37596132082,73.73477551661293,6.693613138901334,0,0,2,-5.467353529769491
Đồng bằng sông Cửu Long,Trà Vinh,2027,2358.3,1056.6398319753625,449.14560587528655,26.730501333183035,2187.2142463070895,0,2274.6946664864954,208188.46896274757,116.80110457941338,6.387968703335063,0,0,1,-6.037414433893625
Đồng bằng sông Cửu Long,Vĩnh Long,2027,1525.7,1069.5212744615856,702.6955446758515,26.830615570385966,2085.6896083118227,0,2174.0080913664965,201184.23595453252,104.1422139154993,6.250428707330242,0,0,2,-2.745227457713174
Đồng bằng sông Cửu Long,Đồng Tháp,2027,3383.8,1653.7830122488992,489.5066165414989,27.13095828199477,2058.2476969112513,0,2134.966358156701,202973.18303596886,97.35600448742164,8.114859764284494,0,0,1,-5.677997828822342
Đồng bằng sông Cửu Long,An Giang,2027,3536.7,1974.0526536625814,558.844763070633,27.13095828199477,1976.9653813939715,0,2218.1868947354756,199420.0528138691,83.39207354887725,6.449097590448317,0,0,2,-6.535453824389578
Đồng bằng sông Cửu Long,Kiên Giang,2027,6348.8,1822.0268404550868,287.701563210437,27.03084404479183,2188.1533231230787,0,2606.5493987697546,198855.43496424632,103.6201978056472,7.870344215831479,0,2,2,-5.548262907639619
Đồng bằng sông Cửu Long,Cần Thơ,2027,1439.0,1310.363962165108,912.7797796820339,26.830615570385966,2063.5691322018565,0,2210.9949965126184,199411.13779519082,134.41914828692268,9.245744175879699,1,1,1,-0.37254594529162244
Đồng bằng sông Cửu Long,Hậu Giang,2027,1621.7,752.9704135571579,464.6690715161374,26.730501333183035,2222.2731141040167,0,2336.339508396698,200828.62576503327,116.40959249702429,6.999257574467606,0,0,1,-5.370476951980365
Đồng bằng sông Cửu Long,Sóc Trăng,2027,3311.9,1243.4259129985273,375.66786850859216,26.630387095980105,2152.990113457709,0,2411.3407327207783,206021.1288663009,85.87165007067487,6.525508699339885,0,0,2,-6.489474639422047
Đồng bằng sông Cửu Long,Bạc Liêu,2027,2669.0,960.106487922632,360.14440286774123,26.830615570385966,2278.9307486686935,0,2716.482700176284,205124.67421032087,91.74433130651128,7.900908659388104,0,0,0,-6.339612396237584
Đồng bằng sông Cửu Long,Cà Mau,2027,5221.2,1250.7911643960229,240.09626857849415,26.830615570385966,2602.3905408427213,0,2707.2359738897535,201381.35692308503,93.57138769099375,6.80058869134953,0,1,2,-9.560662645536379
Đồng bằng sông Hồng,Hà Nội,2028,3358.6,9069.80017001924,2707.0218098964087,23.83625817271926,1896.6969774164395,0,2172.9610180743935,143984.08457621007,233.03291706352127,13.290121425363902,1,1,0,6.2205228662013985
Đồng bằng sông Hồng,Vĩnh Phúc,2028,1235.2,1275.8438207252575,1035.284056453035,23.736105827455727,1837.0084886728355,0,2229.9805104379866,144450.1515500195,201.51500110817355,10.28004094359274,0,0,0,-0.8048145069016882
Đồng bằng sông Hồng,Bắc Ninh,2028,822.7,1611.8048883647543,1963.7946308451903,23.83625817271926,1954.2688530840296,0,2215.466457836345,146086.32310849885,229.89538696841873,10.121615655078466,0,0,0,21.473065622186837
Đồng bằng sông Hồng,Quảng Ninh,2028,6177.8,1455.3474651700699,236.57653868390884,23.435648791665145,2237.0483600395437,0,2804.322306245818,167690.30471861907,352.116445673093,10.385657802602253,0,1,1,-2.303533105240385
Đồng bằng sông Hồng,Hải Dương,2028,1668.2,2058.5277452204305,1237.316233293718,23.736105827455727,1914.6881885625614,0,2233.09066456691,150044.9300957913,148.46221950007686,10.350452182932417,0,0,0,0.987354515987972
Đồng bằng sông Hồng,Hải Phòng,2028,1561.8,2215.6952468224586,1422.5996286346553,23.736105827455727,1866.8527330446375,0,2095.2071648513115,160795.0808243154,291.21983882724015,12.37477531394811,1,1,4,9.837931262635408
Đồng bằng sông Hồng,Hưng Yên,2028,930.3,1371.9132523071235,1478.0799673525637,23.83625817271926,1877.4357984247094,0,2136.6758865702886,145914.51028340805,174.41815028683385,10.332849373097497,0,0,0,8.789207191616345
Đồng bằng sông Hồng,Thái Bình,2028,1586.4,1971.6997752635593,1245.690624043591,24.036562863246306,1830.870310752394,0,2039.2243905306927,156892.75734869062,98.11912297411422,10.033601605903874,0,0,2,-0.9835179788011736
Đồng bằng sông Hồng,Hà Nam,2028,862.0,932.2494102068105,1084.483602108538,23.83625817271926,1936.3834725917086,0,2133.5657324413655,148928.14673270134,151.3145195865337,9.857573507554681,0,0,0,-0.9600050895423744
Đồng bằng sông Hồng,Nam Định,2028,1668.5,1976.1377653094607,1187.0698887944807,24.036562863246306,1836.4793354038318,0,2057.8853153042323,156441.50182532004,81.14793745969621,10.438466232107011,0,0,2,-2.3774782652686035
Đồng bằng sông Hồng,Ninh Bình,2028,1386.8,1072.4585686687356,775.6779432069756,23.93641051798278,1888.8655090351867,0,2046.481416831514,154026.24797375672,134.20071906779285,10.385657802602253,0,0,0,-0.7000082833463991
Trung du và miền núi phía Bắc,Hà Giang,2028,7929.5,948.4350209624508,120.38186702942265,22.934887065347514,2833.2982635527796,0,3715.5974660203365,149925.45106225117,55.19200667293926,4.312688409555173,0,0,0,-5.447257350342128
Trung du và miền núi phía Bắc,Cao Bằng,2028,6700.3,580.3951170382265,86.88430402993112,21.53275423165815,1926.32956048064,0,2646.7411637137056,146521.77975140134,63.891521936632515,4.576730557078959,0,0,0,-2.3375925073242105
Trung du và miền núi phía Bắc,Bắc Kạn,2028,4860.0,343.1349480195774,71.18232137391948,22.13366830323931,2248.3722399962207,0,2950.4995503052123,141588.57932523187,80.14963242943632,4.840772704602745,0,0,0,-2.1284378184101453
Trung du và miền núi phía Bắc,Tuyên Quang,2028,5867.9,856.323232268577,146.55183812277537,23.6359534821922,2156.1937405357967,0,2378.2311905833294,142592.7956649866,85.14115758073574,6.495436829085138,0,0,0,-2.783671414651502
Trung du và miền núi phía Bắc,Lào Cai,2028,6364.0,821.8844295123822,129.80305662302965,22.934887065347514,2556.551103863906,0,3776.7638305558285,169770.81979026416,137.33824916289532,6.248997491396271,0,0,0,-2.290744298293806
Trung du và miền núi phía Bắc,Yên Bái,2028,6887.7,901.5280767596529,130.84985546676376,23.235344101138093,2469.452475785917,0,2708.944246292171,145380.3106375799,78.86609739053075,6.160983442221677,0,0,0,-2.778022327011317
Trung du và miền núi phía Bắc,Thái Nguyên,2028,3526.6,1421.6918371278578,404.0643536813665,23.135191755874573,2245.7264736512025,0,2578.3177728773935,139112.10481185466,178.41137040787336,9.382297642011867,0,0,0,-2.249609873961161
Trung du và miền núi phía Bắc,Lạng Sơn,2028,8310.1,849.9847382500778,102.58628668594278,21.632906576921677,1688.1047587752278,0,2324.32185234866,153119.78720689853,87.42299764990119,5.632899147174104,0,0,0,-2.676024722597441
Trung du và miền núi phía Bắc,Bắc Giang,2028,3895.5,2036.8912384554712,524.446220710789,23.535801136928672,2009.300793060402,0,2294.257029102401,147669.17344539828,146.18037943091147,9.012638635478565,0,0,0,-2.1588901771507816
Trung du và miền núi phía Bắc,Phú Thọ,2028,3534.6,1608.7557281449822,456.404295868072,23.33549644640162,2015.3331403270427,0,2324.32185234866,144604.19063458365,99.54527301734262,8.308526242081802,0,0,0,-1.954260066653565
Trung du và miền núi phía Bắc,Điện Biên,2028,9541.3,682.3226954806823,71.18232137391948,22.13366830323931,2362.7751767547948,0,3103.933820665427,176309.58144400595,67.31428204038069,4.18946874071074,0,1,0,-1.7558107444250608
Trung du và miền núi phía Bắc,Lai Châu,2028,9068.8,516.5089450362859,57.57393640537605,19.730012016914674,2316.738842351483,0,3232.4868579942554,177560.65529107495,80.86270745105053,4.400702458729769,0,0,0,-1.4810352650030587
Trung du và miền núi phía Bắc,Sơn La,2028,14123.5,1386.146147442567,98.39909131100633,21.53275423165815,1536.026109263598,0,1927.258841889455,183243.3151094506,79.00871239485359,4.576730557078959,0,0,0,-2.632483359726354
Trung du và miền núi phía Bắc,Hòa Bình,2028,4590.6,931.8421593555395,203.07897568441734,24.136715208509834,1921.0380277906047,0,2141.859476785161,145604.4572542213,110.09878333723282,6.337011540570867,0,0,0,-2.542303274613391
Bắc Trung Bộ,Thanh Hóa,2028,11114.7,3926.9946508515636,353.8180091821292,24.236867553773358,1815.3132046436886,0,1906.5244810299664,161423.08632292305,114.66246347556371,8.924624586303972,0,1,1,-2.8951227061147606
Bắc Trung Bộ,Nghệ An,2028,16481.6,3624.5221339819627,220.87455602789723,24.837781625354516,1850.4489817055266,0,1996.7189507687413,162429.27752273623,86.85253763260982,7.78044194703423,0,1,1,-2.8196271716396635
Bắc Trung Bộ,Hà Tĩnh,2028,5990.7,1388.1719593694022,232.3893433089724,24.73762928009099,2501.9424865027368,0,2644.667727627757,167119.5701617083,120.93752366576868,7.305166081491417,0,0,1,-2.8095632872435305
Bắc Trung Bộ,Quảng Bình,2028,8000.0,965.0487672284016,121.42866587315675,25.238391006408623,2554.3286601340915,0,3121.5580273959918,174293.24932426255,92.27190779687777,7.357974510996172,0,1,1,-2.8095632872435305
Bắc Trung Bộ,Quảng Trị,2028,4621.7,687.7527068309618,149.69223465397772,25.5388480421992,2565.5467094369674,0,2902.810520328388,179084.25982621894,115.37553849717791,6.865095835618439,0,0,1,-2.8095632872435305
Bắc Trung Bộ,Huế,2028,4902.4,1229.7096089069223,251.23172249618642,25.639000387462726,3080.624501485054,0,3035.5104298291144,180904.09337014012,96.6929729308858,9.030241445313484,1,1,1,-1.7336252211260073
Duyên hải Nam Trung Bộ,Đà Nẵng,2028,1284.9,1325.2047123652012,1034.2372576093007,25.939457423253305,2443.206473643339,0,3041.730738086961,192971.47575769344,167.144785066369,11.79388258939578,1,1,1,8.318508654694739
Duyên hải Nam Trung Bộ,Quảng Nam,2028,10574.7,1607.5653025797285,152.83263118518005,25.83930507798978,2705.7723257229163,0,3024.106531356396,180553.55570975377,118.22783858363474,7.217152032316818,0,1,2,-2.8095632872435305
Duyên hải Nam Trung Bộ,Quảng Ngãi,2028,5155.8,1312.5486089872422,255.41891787112286,26.139762113780357,2761.7567415834956,0,3093.566640235682,199008.6229565725,158.30265479835288,7.481194179840607,0,0,1,-4.037607451179936
Duyên hải Nam Trung Bộ,Bình Định,2028,6066.2,1582.4515000846864,261.6997109335275,26.039609768516833,2271.2316612171753,0,3057.2815087315776,205944.33148207568,121.6505986873829,8.36133467158656,0,1,1,-2.6105822643864993
Duyên hải Nam Trung Bộ,Phú Yên,2028,5023.4,922.3709664811098,184.23659649720335,26.039609768516833,1858.3862807405803,0,2861.3417986094114,205391.3706656916,101.25665306921671,6.970712694627953,0,1,2,-2.7881590998664394
Duyên hải Nam Trung Bộ,Khánh Hòa,2028,5137.8,1323.5026126534792,258.5593144023252,26.440219149570936,1720.806430799649,0,2275.596104328861,210694.8573528325,137.62347917154102,7.921264425713583,0,1,1,-2.7881590998664394
Duyên hải Nam Trung Bộ,Ninh Thuận,2028,3355.3,636.7941387744937,190.51738955960803,26.540371494834464,1482.3699677866348,0,1764.49410914247,215432.54663320899,137.1956341585725,6.108175012716919,0,0,2,-2.8951227061147606
Duyên hải Nam Trung Bộ,Bình Thuận,2028,7943.9,1322.249533111107,166.4410161537235,26.440219149570936,1173.2386280347423,0,1771.7511354432913,218129.21804311065,140.47577925799783,8.607774009275428,0,0,1,-2.8951227061147606
Tây Nguyên,Kon Tum,2028,9674.2,624.6601518725234,64.90152831151482,23.535801136928672,2116.4014147067273,0,2534.775615072468,205230.41957092268,91.84406278390922,6.125777822551838,0,0,0,-0.6590954938863042
Tây Nguyên,Gia Lai,2028,15511.0,1702.4234239373013,109.91387859208155,22.734582374820462,2218.1046730092153,0,2694.4301936905285,206108.24486693236,93.98328784875186,5.456871048824913,0,1,0,-0.8796916752019246
Tây Nguyên,Đắk Lắk,2028,13030.5,2030.8451296635253,155.97302771638238,23.535801136928672,1513.5900106578463,0,2013.306439456332,199796.59211991978,97.26343294817718,6.548245258589897,0,1,0,-1.9752832116990975
Tây Nguyên,Đắk Nông,2028,6509.3,723.5490124247267,110.96067743581565,21.83321126744873,2228.1585851202835,0,2617.713058510421,195568.4167346401,105.67771820322474,6.513039638920057,0,0,0,0.6159858808733578
Tây Nguyên,Lâm Đồng,2028,9783.3,1421.3367979241857,145.50503927904128,19.028945600069992,2120.3171488973535,0,2440.4342731617958,207220.09107987612,133.91548905914718,9.347092022342027,0,1,0,-0.6408944425177955
Đông Nam Bộ,Bình Phước,2028,6876.8,1107.3568339238004,161.20702193505295,26.23991445904388,2587.771146735118,0,2749.3762499681734,203591.28572235556,147.89175948278552,8.94222739613889,0,0,0,0.22950011501747491
Đông Nam Bộ,Tây Ninh,2028,4041.3,1254.8965077086032,310.8992565890307,27.541894947469725,2048.140643005265,0,2181.254762418189,207683.19576359776,143.89853936174603,9.329489212507108,0,0,0,1.9972245756274158
Đông Nam Bộ,Bình Dương,2028,2694.4,2985.2740477703233,1110.6535732018906,26.84082853062504,2243.609860575188,0,2397.928833399844,203560.67539144863,261.9837629410578,15.736911992417651,0,0,2,47.233945495806445
Đông Nam Bộ,Đồng Nai,2028,5863.6,3489.5341402799213,596.6753409284428,26.540371494834464,2251.4413289564413,0,2646.7411637137056,205726.10944560982,210.21451637186675,12.586009031967139,0,0,1,6.63643759638893
Đông Nam Bộ,Bà Rịa - Vũng Tàu,2028,1981.0,1245.623719095049,630.1729039279343,27.141285566415625,1770.5468380859859,0,2480.8662768377976,216028.95437088038,535.3767262279429,10.033601605903874,0,1,4,2.672717552992262
Đông Nam Bộ,TP Hồ Chí Minh,2028,2061.4,9943.071303098397,4835.163859207854,27.24143791167915,2106.770825210862,0,2339.872622993276,205124.76455779214,264.40821801454615,12.515597792627462,1,1,1,14.925920679622266
Đồng bằng sông Cửu Long,Long An,2028,4494.9,1830.5821341334145,408.25154905630296,26.84082853062504,2156.6170631509995,0,2282.853130629683,207880.68176944923,149.74575453898245,8.097292524062771,0,0,2,-2.365468115532491
Đồng bằng sông Cửu Long,Tiền Giang,2028,2510.6,1874.6592070363552,748.4611732698887,26.740676185361515,2115.3431081687195,0,2233.09066456691,204676.4713245093,106.5334082291618,8.836610537129376,0,0,2,-1.7538684299568323
Đồng bằng sông Cửu Long,Bến Tre,2028,2394.8,1363.0163875562812,570.50536983509,26.740676185361515,2202.4417362467098,0,2278.706258457785,208482.02665726695,80.57747744240486,7.710030707694553,0,0,2,-4.993503408365656
Đồng bằng sông Cửu Long,Trà Vinh,2028,2358.3,1068.1354442475517,454.31069818060377,26.740676185361515,2218.4221649706174,0,2295.293747145376,207531.13153909214,127.64042886894218,7.357974510996172,0,0,1,-6.037414433893625
Đồng bằng sông Cửu Long,Vĩnh Long,2028,1525.7,1081.1570291587022,710.7764148954607,26.84082853062504,2115.448938822521,0,2193.6953789338822,200549.01380221389,113.80677344962665,7.199549222481901,0,0,2,-2.745227457713174
Đồng bằng sông Cửu Long,Đồng Tháp,2028,3383.8,1671.775186796782,495.135853086234,27.141285566415625,2087.615476872932,0,2154.300093300854,202332.31243505253,106.39079322483894,9.347092022342027,0,0,1,-5.677997828822342
Đồng bằng sông Cửu Long,An Giang,2028,3536.7,1995.5291712276698,565.2713756164194,27.141285566415625,2005.1733975621742,0,2238.2742547817825,198790.40092010662,91.13098776229502,7.428385750335848,0,0,2,-6.0481757956720665
Đồng bằng sông Cửu Long,Kiên Giang,2028,6348.8,1841.849407685244,291.01007855808257,27.041133221152094,2219.374640854824,0,2630.1536750261143,198227.56580342998,113.23631343233531,9.065447064983324,0,2,2,-5.548262907639619
Đồng bằng sông Cửu Long,Cần Thơ,2028,1439.0,1324.6199419120942,923.2765801734851,26.84082853062504,2093.012840216769,0,2231.0172284809614,198781.5140498433,146.89345445252565,10.64969995012604,1,1,1,-0.37254594529162244
Đồng bằng sông Cửu Long,Hậu Giang,2028,1621.7,761.162283354931,470.0126808366154,26.740676185361515,2253.9812646476585,0,2357.496829723841,200194.5264217105,127.21258385597366,8.062086904392936,0,0,1,-5.370476951980365
Đồng bằng sông Cửu Long,Sóc Trăng,2028,3311.9,1256.9536466239972,379.9879802754819,26.64052384009799,2183.709710523983,0,2433.177246860974,205370.6346350772,93.84067284442901,7.5163997995104435,0,0,2,-6.489474639422047
Đồng bằng sông Cửu Long,Bạc Liêu,2028,2669.0,970.5518748853195,364.28599761947027,26.84082853062504,2311.447309661448,0,2741.0825056243784,204477.01045859934,100.25834803895681,9.10065268465316,0,0,0,-6.339612396237584
Đồng bằng sông Cửu Long,Cà Mau,2028,5221.2,1264.3990275715917,242.8573317463135,26.84082853062504,2639.5223364436683,0,2731.7520432376086,200745.51237803607,102.2549580994766,7.833250376538988,0,1,2,-9.560662645536379
Đồng bằng sông Hồng,Hà Nội,2029,3358.6,9168.474195913057,2738.1520655144595,23.84533134349045,1923.7596966267372,0,2192.6388236011703,143529.46704780293,254.6587344501111,15.308211301163364,1,1,0,6.2205228662013985
Đồng bằng sông Hồng,Vĩnh Phúc,2029,1235.2,1289.7242418858975,1047.1896337176336,23.745140875660653,1863.2195521731337,0,2250.1746705945216,143994.06245469349,220.21590684088557,11.841053509774046,0,0,0,-0.8048145069016882
Đồng bằng sông Hồng,Bắc Ninh,2029,822.7,1629.3403659176129,1986.3779098627708,23.84533134349045,1982.1530274472343,0,2235.5291822689414,145625.0679403242,251.23003667905692,11.658571520753554,0,0,0,22.059939584533442
Đồng bằng sông Hồng,Quảng Ninh,2029,6177.8,1471.1807791098179,239.297125601805,23.444569472171274,2268.967328830263,0,2829.717565763915,167160.83681184726,384.7933998514836,11.96270816912104,0,1,1,-2.303533105240385
Đồng bằng sông Hồng,Hải Dương,2029,1668.2,2080.9233014870897,1251.545143634219,23.745140875660653,1942.0076125081425,0,2253.312989521432,149571.17596198586,162.2397445303339,11.922156616005376,0,0,0,1.0483676876610035
Đồng bằng sông Hồng,Hải Phòng,2029,1561.8,2239.8006919325358,1438.9592641276681,23.745140875660653,1893.4896243999356,0,2114.1808504284186,160287.38400185385,318.24549311329673,14.253870920156087,1,1,4,9.837931262635408
Đồng bằng sông Hồng,Hưng Yên,2029,930.3,1386.8388516857851,1495.0776165918087,23.84533134349045,1904.2236925654684,0,2156.0251027872196,145453.7975996484,190.60442609087264,11.901880839447545,0,0,0,8.789207191616345
Đồng bằng sông Hồng,Thái Bình,2029,1586.4,1993.1506949125176,1260.0158383457876,24.045712279150028,1856.9937926371251,0,2057.6911097440375,156397.38178144803,107.22473029478363,11.557192637964397,0,0,2,-0.7446382418939091
Đồng bằng sông Hồng,Hà Nam,2029,862.0,942.3917287494304,1096.9549651480972,23.84533134349045,1964.0124522474846,0,2152.8867838603096,148457.91874759345,165.3567425040195,11.354434872386072,0,0,0,-1.1717749193459845
Đồng bằng sông Hồng,Nam Định,2029,1668.5,1997.6369676478384,1200.7209753648092,24.045712279150028,1862.682848764857,0,2076.5210233054977,155947.55105909848,88.67859235135448,12.023535498794537,0,0,2,-1.4263285370859329
Đồng bằng sông Hồng,Ninh Bình,2029,1386.8,1084.1262793780268,784.5980976590156,23.945521811320237,1915.8164861842433,0,2065.013853906828,153539.92316661048,146.65475466190608,11.96270816912104,0,0,0,-0.5930446770980781
Trung du và miền núi phía Bắc,Hà Giang,2029,7929.5,958.7534293135418,121.76623647879458,22.943617133022315,2873.7247292763645,0,3749.245011348566,149452.074173355,60.3139107908158,4.967565256668907,0,0,0,-4.5895309805925075
Trung du và miền núi phía Bắc,Cao Bằng,2029,6700.3,586.7094703573421,87.8834576325213,21.540950583405234,1953.8150874902283,0,2670.7094068004717,146059.14966583002,69.82075461055678,5.271701905036391,0,0,0,-2.874975645693871
Trung du và miền núi phía Bắc,Bắc Kạn,2029,4860.0,346.8680519591635,72.00090504833071,22.142093390383987,2280.4527817673834,0,2977.218555328689,141141.52540136958,87.58764306056453,5.575838553403875,0,0,0,-1.641159789692633
Trung du và miền núi phía Bắc,Tuyên Quang,2029,5867.9,865.6395191999757,148.23715745244556,23.64495040783086,2186.959048045595,0,2399.767872777235,142142.5710132504,93.04238951451428,7.481761549840107,0,0,0,-2.296393385933991
Trung du và miền núi phía Bắc,Lào Cai,2029,6364.0,830.8260427738857,131.29576802930896,22.943617133022315,2593.028846747689,0,3810.9652835777983,169234.78283370836,150.0834524329602,7.197900678030456,0,0,0,-2.290744298293806
Trung du và miền núi phía Bắc,Yên Bái,2029,6887.7,911.3361654851619,132.354604868255,23.24418853651169,2504.6874657453573,0,2733.475785338673,144921.2846438692,86.18499397240602,7.096521795241296,0,0,0,-2.290744298293806
Trung du và miền núi phía Bắc,Thái Nguyên,2029,3526.6,1437.1589978723139,408.71101983317146,23.143998068681906,2277.7692647259996,0,2601.66639040845,138672.87014611208,194.9682232540324,10.806988905324602,0,0,0,-2.249609873961161
Trung du và miền núi phía Bắc,Lạng Sơn,2029,8310.1,859.2320661403527,103.7660102167119,21.641141051235028,1712.1912130840917,0,2345.3703447107946,152636.32447270042,95.53598789346275,6.488248498506327,0,0,0,-2.676024722597441
Trung du và miền núi phía Bắc,Bắc Giang,2029,3895.5,2059.0514024104195,530.4772563119659,23.544759940001068,2037.9701819080033,0,2315.033261750663,147202.92056160723,159.74614615138552,10.381197597610122,0,0,0,-2.3706600069543917
Trung du và miền núi phía Bắc,Phú Thọ,2029,3534.6,1626.2580326500515,461.6528617804734,23.344379004341484,2044.0886007623567,0,2345.3703447107946,144147.61517392006,108.7832292816264,9.570166535296831,0,0,0,-1.954260066653565
Trung du và miền núi phía Bắc,Điện Biên,2029,9541.3,689.7459601678532,72.00090504833071,22.142093390383987,2396.4880586367894,0,3132.0422890562527,175752.89890241472,73.56115217897947,4.825634820764081,0,1,0,-1.7558107444250608
Trung du và miền núi phía Bắc,Lai Châu,2029,9068.8,522.128254840417,58.236026142032195,19.73752216246898,2349.794862116723,0,3261.7594713685353,177000.02258997905,88.36689255398592,5.068944139458068,0,0,0,-1.1927382591425795
Trung du và miền núi phía Bắc,Sơn La,2029,14123.5,1401.2265922463553,99.53066286092773,21.540950583405234,1557.9426535453892,0,1944.7116283752748,182664.7398922147,86.34084387109029,5.271701905036391,0,0,0,-2.1452053310088433
Trung du và miền núi phía Bắc,Hòa Bình,2029,4590.6,941.9800472513656,205.41434675553174,24.14590274697982,1948.4480534074623,0,2161.25563433207,145144.72353658988,120.31612178426302,7.299279560819618,0,0,0,-2.4944613603161736
Bắc Trung Bộ,Thanh Hóa,2029,11114.7,3969.71801460812,357.88685156376147,24.246093214809612,1841.214712433792,0,1923.7895021958743,160913.40662639285,125.30331854215994,10.279818714820964,0,1,1,-2.8951227061147606
Bắc Trung Bộ,Nghệ An,2029,16481.6,3663.9547768403436,223.41457301761443,24.847236021788362,1876.8518187433604,0,2014.8007510762664,161916.42086287908,94.91258829872562,8.961893238561863,0,1,1,-2.8196271716396635
Bắc Trung Bộ,Hà Tĩnh,2029,5990.7,1403.2744438008312,235.06177824602082,24.74704555395857,2537.6410550135415,0,2668.617194182532,166591.90430086682,132.1607140842682,8.414447271500395,0,0,1,-2.8095632872435305
Bắc Trung Bộ,Quảng Bình,2029,8000.0,975.5479232474135,122.8250733177406,25.24799789310753,2590.7746924329276,0,3149.8260963087428,173742.9331802313,100.83488444872822,8.475274601173888,0,1,1,-2.8095632872435305
Bắc Trung Bộ,Quảng Trị,2029,4621.7,695.2350468087164,151.4136679692837,25.548569296596902,2602.1528046883923,0,2929.097665116067,178518.816473098,126.08256803558133,7.9075528575545855,0,0,1,-2.8095632872435305
Bắc Trung Bộ,Huế,2029,4902.4,1243.0881173102557,254.12084134704958,25.648759764426696,3124.57990230486,0,3062.9992726642304,180332.90404703727,105.66623130794082,10.401473374167955,1,1,1,-1.7336252211260073
Duyên hải Nam Trung Bộ,Đà Nẵng,2029,1284.9,1339.6221506385139,1046.1307968786875,25.94933116791607,2478.0669766948363,0,3069.2759105180508,192362.18469875277,182.65608125797445,13.584770293747622,1,1,1,8.318508654694739
Duyên hải Nam Trung Bộ,Quảng Nam,2029,10574.7,1625.0546559634006,154.5901784861218,25.849140700086284,2744.3792078816978,0,3051.49210326556,179983.4731795666,129.1995660092669,8.313068388711228,0,1,2,-2.8095632872435305
Duyên hải Nam Trung Bộ,Quảng Ngãi,2029,5155.8,1326.8283563909633,258.3561887028337,26.149712103575656,2801.1624284773648,0,3121.5812259665513,198380.2701176701,172.99338753954916,8.617205037078715,0,0,1,-4.249377280983545
Duyên hải Nam Trung Bộ,Bình Định,2029,6066.2,1599.6676302494081,264.70920973651,26.049521635745865,2303.6383690049333,0,3084.967505152601,205294.07973207557,132.93996357768958,9.630993864970328,0,1,1,-2.6105822643864993
Duyên hải Nam Trung Bộ,Phú Yên,2029,5023.4,932.4058134373984,186.355283654503,26.049521635745865,1884.9023698675096,0,2887.2534127572667,204742.86484254437,110.65342806583776,8.029207516901579,0,1,2,-2.7881590998664394
Duyên hải Nam Trung Bộ,Khánh Hòa,2029,5137.8,1337.9015330953205,261.5326992196719,26.45028350706503,1745.359483715587,0,2296.2033481892026,210029.60622053017,150.3951522303288,9.124099451024522,0,1,1,-2.7881590998664394
Duyên hải Nam Trung Bộ,Ninh Thuận,2029,3355.3,643.7220798713847,192.70830468817928,26.550473974894825,1503.5209279461392,0,1780.4729378669808,214752.3366490492,149.92760253427593,7.035694465567799,0,0,2,-2.6964760117925035
Duyên hải Nam Trung Bộ,Bình Thuận,2029,7943.9,1336.6348207935828,168.35505739242035,26.45028350706503,1189.9787968309347,0,1787.7956820297713,217440.4935478165,153.51215020401435,9.914854736779981,0,0,1,-2.8951227061147606
Tây Nguyên,Kon Tum,2029,9674.2,631.4560824162253,65.64788401465448,23.544759940001068,2146.5989517431926,0,2557.7299254317095,204582.42193719873,100.36733475267535,7.05597024212563,0,0,0,-0.5293605727035814
Tây Nguyên,Gia Lai,2029,15511.0,1720.9447772049416,111.17786808933418,22.743236197362734,2249.7533468139595,0,2718.830297013092,205457.47557432944,102.70508323293956,6.285490732928004,0,1,0,-0.8796916752019246
Tây Nguyên,Đắk Lắk,2029,13030.5,2052.9395155545353,157.76668900295994,23.544759940001068,1535.1864290344604,0,2031.5384520197867,199165.751335252,106.28963090267796,7.542588879513606,0,1,0,-1.9752832116990975
Tây Nguyên,Đắk Nông,2029,6509.3,731.4207948950226,112.23670492828022,21.84152198689461,2259.950711571216,0,2641.41843014931,194950.9260549439,115.48477492505036,7.50203732639794,0,0,0,0.6159858808733578
Tây Nguyên,Lâm Đồng,2029,9783.3,1436.8000960534882,147.17832061349952,19.03618888766044,2150.570556964439,0,2462.5342513154374,206565.81122720827,146.34305486453755,10.766437352208934,0,1,0,-0.5111595213350723
Đông Nam Bộ,Bình Phước,2029,6876.8,1119.4042169814209,163.06087319769014,26.249902571405446,2624.6943478360104,0,2774.273931388504,202948.46351465982,161.61634493559683,10.300094491378793,0,0,0,0.01773028521386477
Đông Nam Bộ,Tây Ninh,2029,4041.3,1268.5490345751832,314.4745411669739,27.55237865319274,2077.3642120755076,0,2201.0076740729305,207027.45369719062,157.25254777243705,10.7461615756511,0,0,0,1.9972245756274158
Đông Nam Bộ,Bình Dương,2029,2694.4,3017.7520520447224,1123.4258861217481,26.851045378384196,2275.6224510928932,0,2419.643892647666,202917.9498332751,286.2962638830196,18.12654424270205,0,0,2,28.87135286737098
Đông Nam Bộ,Đồng Nai,2029,5863.6,3527.4981941356536,603.5369981992428,26.550473974894825,2283.5656615353873,0,2670.7094068004717,205076.5467131713,229.7227506606265,14.497180238850074,0,0,1,5.806757300041742
Đông Nam Bộ,Bà Rịa - Vũng Tàu,2029,1981.0,1259.1753635423242,637.4197770455161,27.151616781873578,1795.80960409359,0,2503.3323973652678,215346.86127990068,585.0605196607814,11.557192637964397,0,1,4,2.925606918764323
Đông Nam Bộ,TP Hồ Chí Minh,2029,2061.4,10051.245998994033,4890.767359091758,27.25180724970337,2136.830949712558,0,2361.0619393453444,204477.10052080613,288.94571216065236,14.416077132618744,1,1,1,14.562044179346184
Đồng bằng sông Cửu Long,Long An,2029,4494.9,1850.4977778651614,412.9463671889556,26.851045378384196,2187.388410772216,0,2303.5260923519936,207224.31615773748,163.64239361849243,9.326857216602841,0,0,2,-2.7550239009953557
Đồng bằng sông Cửu Long,Tiền Giang,2029,2510.6,1895.0543830787835,757.0683398464186,26.750854910554406,2145.5255449266388,0,2253.312989521432,204030.22273536475,116.41987431715604,10.1784398320318,0,0,2,-0.9694630493741352
Đồng bằng sông Cửu Long,Bến Tre,2029,2394.8,1377.845194343448,577.0660772255918,26.750854910554406,2233.8669259289723,0,2299.3416671161135,207823.76235010268,88.05519275661737,8.880790132330533,0,0,2,-4.5062253796481455
Đồng bằng sông Cửu Long,Trà Vinh,2029,2358.3,1079.756121937032,459.53518810258134,26.750854910554406,2250.0753688589257,0,2316.079368059634,206875.86960256955,139.48565932242929,8.475274601173888,0,0,1,-6.037414433893625
Đồng bằng sông Cửu Long,Vĩnh Long,2029,1525.7,1092.9193739392558,718.950213644361,26.851045378384196,2145.632885608295,0,2213.5609497805713,199915.79730993556,124.36821915005424,8.292792612153399,0,0,2,-2.7932784921897063
Đồng bằng sông Cửu Long,Đồng Tháp,2029,3383.8,1689.9631054916078,500.82982482147685,27.151616781873578,2117.4022863329437,0,2173.80891003971,201693.46532867363,116.26402441847176,10.766437352208934,0,0,1,-5.4251084630502815
Đồng bằng sông Cửu Long,An Giang,2029,3536.7,2017.2393405172288,571.7718930308615,27.151616781873578,2033.7838953234457,0,2258.543521066282,198162.7370987658,99.58808525925396,8.556377707405217,0,0,2,-5.795286429900006
Đồng bằng sông Cửu Long,Kiên Giang,2029,6348.8,1861.8876326449522,294.35664122699905,27.05142631404378,2251.0414349938237,0,2653.971705856951,197601.67908620727,123.74481955531715,10.44202492728362,0,2,2,-5.548262907639619
Đồng bằng sông Cửu Long,Cần Thơ,2029,1439.0,1339.0310182310363,933.8940919504072,26.851045378384196,2122.8766610973657,0,2251.220776903492,198153.8782880412,160.52539564480688,12.266844817488524,1,1,1,-0.7621017307544882
Đồng bằng sông Cửu Long,Hậu Giang,2029,1621.7,769.443275818848,475.41774068677194,26.750854910554406,2286.1418378951153,0,2378.845746597835,199562.42919325395,139.01810962637643,9.28630566348718,0,0,1,-5.370476951980365
Đồng bằng sông Cửu Long,Sóc Trăng,2029,3311.9,1270.6285539372022,384.3577725374124,26.650664442724615,2214.8676252759797,0,2455.2115071526464,204722.194284187,102.54923333425528,8.657756590194378,0,0,2,-6.489474639422047
Đồng bằng sông Cửu Long,Bạc Liêu,2029,2669.0,981.1109014392115,368.4752199532219,26.851045378384196,2344.427828033957,0,2765.9050809167443,203831.39165021243,109.5624787750478,10.482576480399281,0,0,0,-6.517398351896838
Đồng bằng sông Cửu Long,Cà Mau,2029,5221.2,1278.1549361966934,245.6501466354812,26.851045378384196,2677.1839411654646,0,2756.490124136014,200111.67545817967,111.74437735662771,9.02272056823536,0,1,2,-10.501922528722364
Đồng bằng sông Hồng,Hà Nội,2030,3358.6,9268.221736460293,2769.640313377457,23.854407967925688,1951.2085559425846,0,2212.4948265402013,143076.2849356624,278.29146134773214,17.632745837357852,1,1,0,6.493305867678039
Đồng bằng sông Hồng,Vĩnh Phúc,2030,1235.2,1303.7556737646732,1059.2321229428867,23.75417936301843,1889.8046040649135,0,2270.5517041450253,143539.41342198176,240.65228573093364,13.63910406492316,0,0,0,-0.8048145069016882
Đồng bằng sông Hồng,Bắc Ninh,2030,822.7,1647.0666190260158,2009.220892457892,23.854407967925688,2010.4350627182107,0,2255.773589845616,145165.26914620044,274.54457508723635,13.428912392689755,0,0,0,22.059939584533442
Đồng bằng sông Hồng,Quảng Ninh,2030,6177.8,1487.1863500784295,242.04899877157973,23.453493548296677,2301.3417283514314,0,2855.3427985645253,166633.0406550599,420.5028262347311,13.779231846412097,0,1,1,-2.5081632157376013
Đồng bằng sông Hồng,Hải Dương,2030,1668.2,2103.5625080721175,1265.9376838407397,23.75417936301843,1969.7168393099678,0,2273.7184429234703,149098.91766665463,177.29584532618674,13.732522585915786,0,0,0,1.0483676876610035
Đồng bằng sông Hồng,Hải Phòng,2030,1561.8,2264.168389933568,1455.5070324361807,23.75417936301843,1920.5065800037491,0,2133.3263570790778,159781.29018902552,347.77917017874483,16.418305064453737,1,1,4,9.837931262635408
Đồng bằng sông Hồng,Hưng Yên,2030,930.3,1401.926832699319,1512.2707356879234,23.854407967925688,1931.3938055139747,0,2175.549540791677,144994.53957709114,208.29281348119733,13.709167955667631,0,0,0,10.96440864206047
Đồng bằng sông Hồng,Thái Bình,2030,1586.4,2014.8349877958592,1274.5057899919466,24.054865177740183,1883.4900132689831,0,2076.325059067069,155903.57032052093,117.17535214641354,13.312139241448978,0,0,2,-0.7446382418939091
Đồng bằng sông Hồng,Hà Nam,2030,862.0,952.6443896792846,1109.5697465812239,23.854407967925688,1992.03565160593,0,2172.3828020132323,147989.17546744447,180.7021055630011,13.078592938967414,0,0,0,-1.1717749193459845
Đồng bằng sông Hồng,Nam Định,2030,1668.5,2019.370068507514,1214.5290469335018,24.054865177740183,1889.2602427894021,0,2095.3254917377385,155455.15990050408,96.90810373736818,13.849295737156567,0,0,2,-1.4263285370859329
Đồng bằng sông Hồng,Ninh Bình,2030,1386.8,1095.9209278331414,793.6208322554894,23.954636572832932,1943.152009065018,0,2083.714116216774,153055.13388877275,160.26454414211503,13.779231846412097,0,0,0,-0.5320315054250467
Trung du và miền núi phía Bắc,Hà Giang,2030,7929.5,969.1840958041432,123.16652592359146,22.952350523760423,2914.7280135975266,0,3783.197260648894,148980.19193181428,65.91113558235763,5.7218844107982445,0,0,0,-3.0532257540928947
Trung du và miền núi phía Bắc,Cao Bằng,2030,6700.3,593.0925200811449,88.894101318766,21.549150055058917,1981.6927873712154,0,2694.8947004566485,145597.98029549464,76.30022930464138,6.072203864520586,0,0,0,-2.874975645693871
Trung du và miền núi phía Bắc,Bắc Kạn,2030,4860.0,350.6417698470058,72.82890228525407,22.150521684502422,2312.9910596473733,0,3004.179521151438,140695.8830123344,95.71591265448316,6.422523318242927,0,0,0,-1.641159789692633
Trung du và miền núi phía Bắc,Tuyên Quang,2030,5867.9,875.0571617864792,149.94185764611132,23.65395075811118,2218.1633254533103,0,2421.4995859175674,141693.7679076455,101.67686806890828,8.6178585615696,0,0,0,-2.364726439133451
Trung du và miền núi phía Bắc,Lào Cai,2030,6364.0,839.8649354640379,132.80564534369864,22.952350523760423,2630.0270665051335,0,3845.4764566249787,168700.43836835423,164.0114304026108,8.290893738095415,0,0,0,-2.5025141280974164
Trung du và miền núi phía Bắc,Yên Bái,2030,6887.7,921.250960376488,133.8766586125994,23.253036338482172,2540.42520055598,0,2758.2294760255472,144463.70798578023,94.1830955479167,8.174120586854636,0,0,0,-2.290744298293806
Trung du và miền núi phía Bắc,Thái Nguyên,2030,3526.6,1452.7944321168684,413.41112179570706,23.15280773357493,2310.269253269816,0,2625.226447330859,138235.0223265527,213.0615778127374,12.448017922267201,0,0,0,-2.249609873961161
Trung du và miền núi phía Bắc,Lạng Sơn,2030,8310.1,868.5799994524217,104.95930035227794,21.649378659966168,1736.6213411360436,0,2366.6094470911894,152154.38823105837,104.40187625835975,7.473481679409952,0,0,0,-2.676024722597441
Trung du và miền núi phía Bắc,Bắc Giang,2030,3895.5,2081.4526557555323,536.5776477192984,23.55372215320393,2067.0486353713823,0,2335.9976388995537,146738.13983173002,174.57083713673532,11.95757068705592,0,0,0,-2.3706600069543917
Trung du và miền núi phía Bắc,Phú Thọ,2030,3534.6,1643.9507518076557,466.9617852407468,23.353264943389426,2073.2543539122107,0,2366.6094470911894,143692.481311528,118.87848226482072,11.023385477129677,0,0,0,-1.954260066653565
Trung du và miền núi phía Bắc,Điện Biên,2030,9541.3,697.2499855551749,72.82890228525407,22.150521684502422,2430.6819674129088,0,3160.4053008880555,175197.97403870788,80.3877415888186,5.558401999061151,0,1,0,-1.4806073173434835
Trung du và miền núi phía Bắc,Lai Châu,2030,9068.8,527.8086993896057,58.90572978954374,19.7450351667284,2383.3225364434284,0,3291.297170397113,176441.16003906098,96.56747771368674,5.838657562039025,0,0,0,-1.4057067921990567
Trung du và miền núi phía Bắc,Sơn La,2030,14123.5,1416.4711033110493,100.67524727667474,21.549150055058917,1580.1719105541054,0,1962.322463043051,182087.99147712876,94.3534085597574,6.072203864520586,0,0,0,-2.1452053310088433
Trung du và miền núi phía Bắc,Hòa Bình,2030,4590.6,952.2282293316267,207.7765741667543,24.155093782647437,1976.2491746161031,0,2180.827438755752,144686.4413891584,131.4816451410338,8.407666889336195,0,0,0,-2.740317185569222
Bắc Trung Bộ,Thanh Hóa,2030,11114.7,4012.9061831258136,362.0024848884688,24.255322387554685,1867.4857917689517,0,1941.2108711867513,160405.3362002525,136.93166151993677,11.840797535815144,0,1,1,-2.8951227061147606
Bắc Trung Bộ,Nghệ An,2030,16481.6,3703.816423375711,225.98379973806783,24.85669401699819,1903.6313804629,0,2033.0462957616546,161405.18350440386,103.72062421099687,10.322746569684995,0,1,1,-2.8196271716396635
Bắc Trung Bộ,Hà Tĩnh,2030,5990.7,1418.5412342711932,237.76494569597654,24.75646541209094,2573.8489828723714,0,2692.7835412710187,166065.90450020265,144.42543404092834,9.692171552984783,0,0,1,-2.8095632872435305
Bắc Trung Bộ,Quảng Bình,2030,8000.0,986.1613038329497,124.23753919249224,25.257608436627194,2627.7407491479867,0,3178.35015396591,173194.35461272445,110.19251866094415,9.762235443729248,0,1,1,-2.8095632872435305
Bắc Trung Bộ,Quảng Trị,2030,4621.7,702.7987901906114,153.1548974528137,25.558294251348944,2639.281208188826,0,2955.6228598819484,177955.15845938044,137.78322657914035,9.108305796780877,0,0,1,-2.8095632872435305
Bắc Trung Bộ,Huế,2030,4902.4,1256.612175919753,257.0431845361909,25.658522856256194,3169.1624737714933,0,3090.7370477622662,179763.51820575038,115.47222202800636,11.980925317304077,1,1,1,-1.7336252211260073
Duyên hải Nam Trung Bộ,Đà Nẵng,2030,1284.9,1354.1964420564202,1058.161109673986,25.959208670977947,2513.4248812906208,0,3097.0705253191563,191754.81742462562,199.60684987732077,15.647602266264586,1,1,1,9.959073318295427
Duyên hải Nam Trung Bộ,Quảng Nam,2030,10574.7,1642.7342830991174,156.36793725951608,25.8589800660707,2783.5369461993114,0,3079.1256722413013,179415.19063659068,141.1894868159547,9.575398401743996,0,1,2,-2.8095632872435305
Duyên hải Nam Trung Bộ,Quảng Ngãi,2030,5155.8,1341.263458944595,261.32723761179403,26.15966588079245,2841.130369148403,0,3149.8495049599046,197753.90124953384,189.04744314319626,9.925717855466342,0,0,1,-4.249377280983545
Duyên hải Nam Trung Bộ,Bình Định,2030,6066.2,1617.0710616602237,267.7533172251988,26.0594372758852,2336.5074667494596,0,3112.9042192113807,204645.88109679503,145.27699910013192,11.093449367874147,0,1,1,-2.6105822643864993
Duyên hải Nam Trung Bộ,Phú Yên,2030,5023.4,942.5498335540481,188.49833532653997,26.0594372758852,1911.796799595569,0,2913.3996761693497,204096.40662150085,120.92223840690933,9.248433578269815,0,1,2,-2.7881590998664394
Duyên hải Nam Trung Bộ,Khánh Hòa,2030,5137.8,1352.457105218774,264.5402774184965,26.460351695514202,1770.2628679626396,0,2316.9972062288844,209366.45556222415,164.35205642629228,10.509583611670244,0,1,1,-2.9999289296700495
Duyên hải Nam Trung Bộ,Ninh Thuận,2030,3355.3,650.725392842669,194.92441493994477,26.560580300421453,1524.9736772172625,0,1796.5964669710986,214074.27437019104,163.8411173907701,8.104056696110167,0,0,2,-2.9082458415961137
Duyên hải Nam Trung Bộ,Bình Thuận,2030,7943.9,1351.1766118413655,170.29110975522647,26.460351695514202,1206.9578200635808,0,1803.9855241208038,216753.94364167034,167.7583166631066,11.420414191348332,0,0,1,-3.106892535918371
Tây Nguyên,Kon Tum,2030,9674.2,638.3259486380977,66.40282267184932,23.55372215320393,2177.227357534863,0,2580.8921044326307,203936.4703010135,109.68157962542196,8.127411326358322,0,0,0,-0.5293605727035814
Tây Nguyên,Gia Lai,2030,15511.0,1739.6676317689348,112.4563932345835,22.75189331394592,2281.853594688128,0,2743.451361726137,204808.76103054293,112.23627480303276,7.23993537692839,0,1,0,-0.8796916752019246
Tây Nguyên,Đắk Lắk,2030,13030.5,2075.2742752095364,159.5809770662185,23.55372215320393,1557.0909924724276,0,2049.9355692466943,198536.902376828,116.15347407536925,8.68792245231407,0,1,0,-1.9752832116990975
Tây Nguyên,Đắk Nông,2030,6509.3,739.3782176719122,113.5274065034843,21.849835869780666,2292.1964589228423,0,2665.3384718578277,194335.3850496679,126.20194177397154,8.641213191817757,0,0,0,0.6159858808733578
Tây Nguyên,Lâm Đồng,2030,9783.3,1452.4316256599361,148.87084437721052,19.043434932377647,2181.255630973646,0,2484.8343614864675,205913.59720765235,159.92391811843362,12.401308661770885,0,1,0,-0.7229293511386823
Đông Nam Bộ,Bình Phước,2030,6876.8,1131.582668393966,164.93604341072248,26.2598944856997,2662.144381760299,0,2799.3970801453315,202307.6709635343,176.61459327882392,11.864152166063297,0,0,0,0.01773028521386477
Đông Nam Bộ,Tây Ninh,2030,4041.3,1282.3500928056628,318.0909408635363,27.56286634949396,2107.0047529939093,0,2220.939463282721,206373.7820807112,171.84582894728385,12.377954031522728,0,0,0,1.7854547458238057
Đông Nam Bộ,Bình Dương,2030,2694.4,3050.5833976689505,1136.3450783037435,26.861266115143202,2308.0918081677714,0,2441.5555981810526,202277.25362650913,312.86500275139775,20.87903944185155,0,0,2,28.87135286737098
Đông Nam Bộ,Đồng Nai,2030,5863.6,3565.875274294389,610.4775632734534,26.560580300421453,2316.148355045338,0,2694.8947004566485,204429.03491993787,251.04137945321736,16.69856062743161,0,0,1,5.455958811028762
Đông Nam Bộ,Bà Rịa - Vũng Tàu,2030,1981.0,1272.8744418128401,644.7499878782788,27.161951929864962,1821.432827860699,0,2526.0019656062514,214666.9218399726,639.3550464500528,13.312139241448978,0,1,4,2.925606918764323
Đông Nam Bộ,TP Hồ Chí Minh,2030,2061.4,10160.597571176218,4947.010289052774,27.262180534772213,2167.3199823205578,0,2382.4431409834137,203831.48142805544,315.76032395269,16.605142106438983,1,1,1,14.562044179346184
Đồng bằng sông Cửu Long,Long An,2030,4494.9,1870.6300919433813,417.69517487131026,26.861266115143202,2218.598814473719,0,2324.3862633785902,206570.02296474483,178.82866243275322,10.743129914151801,0,0,2,-2.7550239009953557
Đồng bằng sông Cửu Long,Tiền Giang,2030,2510.6,1915.6714464937222,765.7744872640687,26.761037510235955,2176.13863498384,0,2273.7184429234703,203386.01462129908,127.22381984501585,11.724024384574362,0,0,2,-0.9694630493741352
Đồng bằng sông Cửu Long,Bến Tre,2030,2394.8,1392.8353297197193,583.7022315509336,26.761037510235955,2265.740500932995,0,2320.1639450073303,207167.57645662728,96.22685169000532,10.22932804869237,0,0,2,-4.5062253796481455
Đồng bằng sông Cửu Long,Trà Vinh,2030,2358.3,1091.5032256810825,464.8197587029452,26.761037510235955,2282.180211453435,0,2337.05321849237,206222.6766000053,152.43014559744205,9.762235443729248,0,0,1,-6.037414433893625
Đồng bằng sông Cửu Long,Vĩnh Long,2030,1525.7,1104.809686027985,727.21800958364,26.861266115143202,2176.247507238943,0,2233.6064183965013,199284.58014499617,135.90978344889243,9.552043771495844,0,0,2,-2.7932784921897063
Đồng bằng sông Cửu Long,Đồng Tháp,2030,3383.8,1708.3488979131537,506.5892761900762,27.161951929864962,2147.6141041470496,0,2193.494393869532,201056.63532781988,127.05350683317513,12.401308661770885,0,0,1,-5.2953735418675585
Đồng bằng sông Cửu Long,An Giang,2030,3536.7,2039.1857035229093,578.3471652064295,27.161951929864962,2062.8026174223946,0,2278.9963408875456,197537.05507267662,108.83001456621838,9.85565396472187,0,0,2,-5.795286429900006
Đồng bằng sông Cửu Long,Kiên Giang,2030,6348.8,1882.1438615619115,297.74168875442103,27.061723324957704,2283.160061749355,0,2678.0054269716084,196977.7685531808,135.22853140152958,12.027634577800391,0,2,2,-5.548262907639619
Đồng bằng sông Cửu Long,Cần Thơ,2030,1439.0,1353.5988784802962,944.6337031705015,26.861266115143202,2153.1665891572648,0,2271.6072837378406,197528.22423289513,175.42240219593887,14.12955130013444,1,1,1,-0.6323668095717653
Đồng bằng sông Cửu Long,Hậu Giang,2030,1621.7,777.8143605504548,480.8849577364571,26.761037510235955,2318.7612891677923,0,2400.3879940612683,198932.3277581558,151.91920656191988,10.696420653655492,0,0,1,-5.370476951980365
Đồng bằng sông Cửu Long,Sóc Trăng,2030,3311.9,1284.4522361002414,388.7778166109886,26.660808905328704,2246.4701117798963,0,2477.4453043367616,204075.80132867736,112.06596179119204,9.97242711596265,0,0,2,-6.489474639422047
Đồng bằng sông Cửu Long,Bạc Liêu,2030,2669.0,991.7848039154018,372.71261757747675,26.861266115143202,2377.8789236883163,0,2790.952443402812,203187.81132842513,119.7300473240243,12.074343838296699,0,0,0,-7.479853302280597
Đồng bằng sông Cửu Long,Cà Mau,2030,5221.2,1292.060500917676,248.47507838498447,26.861266115143202,2715.382914505301,0,2781.452227067477,199479.83982460963,122.11442948979436,10.392810460429464,0,1,2,-10.501922528722364
